-- phpMyAdmin SQL Dump
-- version 4.8.2
-- https://www.phpmyadmin.net/
--
-- Servidor: 127.0.0.1
-- Tiempo de generación: 11-07-2020 a las 01:09:29
-- Versión del servidor: 10.1.34-MariaDB
-- Versión de PHP: 7.2.7

SET SQL_MODE = "NO_AUTO_VALUE_ON_ZERO";
SET AUTOCOMMIT = 0;
START TRANSACTION;
SET time_zone = "+00:00";


/*!40101 SET @OLD_CHARACTER_SET_CLIENT=@@CHARACTER_SET_CLIENT */;
/*!40101 SET @OLD_CHARACTER_SET_RESULTS=@@CHARACTER_SET_RESULTS */;
/*!40101 SET @OLD_COLLATION_CONNECTION=@@COLLATION_CONNECTION */;
/*!40101 SET NAMES utf8mb4 */;

--
-- Base de datos: `fullpizza`
--

-- --------------------------------------------------------

--
-- Estructura de tabla para la tabla `cajamenor`
--

CREATE TABLE `cajamenor` (
  `idcaja` int(11) NOT NULL,
  `fecha` date NOT NULL,
  `base` varchar(20) NOT NULL,
  `totalgastos` varchar(20) NOT NULL,
  `totalefectivo` varchar(20) NOT NULL
) ENGINE=InnoDB DEFAULT CHARSET=latin1;

--
-- Volcado de datos para la tabla `cajamenor`
--

INSERT INTO `cajamenor` (`idcaja`, `fecha`, `base`, `totalgastos`, `totalefectivo`) VALUES
(1, '2019-08-16', '106000', '0', '0'),
(2, '2019-08-17', '20550', '0', '0'),
(3, '2019-08-18', '25000', '0', '0'),
(4, '2019-08-19', '20000', '3500', '222100'),
(5, '2019-08-23', '30000', '0', '0'),
(6, '2019-08-24', '30000', '0', '230400'),
(7, '2019-08-25', '16500', '0', '0'),
(8, '2019-08-30', '10000', '55000', '0'),
(9, '2019-08-31', '36000', '58000', '0'),
(10, '2019-09-01', '30000', '0', '0'),
(11, '2019-09-06', '26000', '50000', '0'),
(12, '2019-09-07', '34000', '0', '34000'),
(13, '2019-09-08', '20000', '0', '0'),
(14, '2019-09-13', '30000', '30000', '0'),
(15, '2019-09-14', '50000', '0', '0'),
(16, '2019-09-20', '38000', '0', '0'),
(17, '2019-09-21', '30000', '0', '0'),
(18, '2019-09-27', '23000', '0', '0'),
(19, '2019-09-28', '30000', '0', '0'),
(20, '2019-09-29', '37000', '0', '0'),
(21, '2019-10-04', '12000', '0', '0'),
(22, '2019-10-05', '20000', '0', '0'),
(23, '2019-10-06', '13000', '0', '0'),
(24, '2019-10-11', '12000', '0', '0'),
(25, '2019-10-13', '20000', '0', '0'),
(26, '2019-10-18', '20000', '0', '0'),
(27, '2019-12-14', '82500', '0', '42500'),
(28, '2019-12-27', '0', '0', '0'),
(29, '2020-01-05', '86000', '0', '459200');

-- --------------------------------------------------------

--
-- Estructura de tabla para la tabla `detallecajamenor`
--

CREATE TABLE `detallecajamenor` (
  `iddetallecaja` int(11) NOT NULL,
  `idcaja` int(11) NOT NULL,
  `nit` varchar(20) DEFAULT NULL,
  `proveedor` varchar(60) NOT NULL,
  `concepto` text NOT NULL,
  `valor` varchar(20) NOT NULL
) ENGINE=InnoDB DEFAULT CHARSET=latin1;

--
-- Volcado de datos para la tabla `detallecajamenor`
--

INSERT INTO `detallecajamenor` (`iddetallecaja`, `idcaja`, `nit`, `proveedor`, `concepto`, `valor`) VALUES
(1, 4, '1', 'TIENDA LA NEGRA ', 'COMPRA DE POTE DE MAIZ TIERNO', '3500'),
(2, 7, '2', 'tienda', '4 gaseosas litros dos cocacolas y 2 postobon', '9000'),
(3, 7, '1', 'tienda', 'bolsa de fab', '6000'),
(4, 8, '1', 'MANUEL', 'PAGO  ', '32000'),
(5, 8, '1', 'AURA', 'PAGO    SERVICIOS   YCOROSO', '13000'),
(6, 8, '36562510', 'AURACELIS CONTRERAS', 'PAGO DE PRESTAMO PARA TENER BASE DURANTE EL SERVICIO.', '10000'),
(7, 9, '1', 'COMPRA  DE ARINA', 'PAN', '5000'),
(8, 9, '1010127139', 'JHONIERDAVI', 'PAGO', '20000'),
(9, 9, '1233345358', 'MANUL', 'PAGO', '20000'),
(10, 9, '36562510', 'AURA', 'PAGO  SEVICIOS   COROZO', '13000'),
(11, 10, '1233345358', 'RIVRA   MANUEL', 'PAGO', '20000'),
(12, 10, '1010127139', 'VASQUES JHONIER', 'PAGO', '20000'),
(13, 10, '36562510', 'AURA', 'PAGO  BEVIDAS', '10000'),
(14, 11, '3656251', 'AURA', 'PAGO', '10000'),
(15, 11, '1233345358', 'MANUEL', 'PAGO', '20000'),
(16, 11, '1010127139', 'jhoier davi', 'pago', '20000'),
(17, 12, '1233345358', 'MANUEL', 'PAGO', '20000'),
(18, 12, '1010127139', 'JHONIER', 'PAGO  DIA  DE TRAVAJO', '20000'),
(19, 12, '36562510', 'AURA', 'PAGO  DE SERVICIOS', '10000'),
(20, 12, '36562510', 'AURA', 'PAGO PRESTAMO  CAJA   MENOR', '34000'),
(21, 14, '10101237139', 'JHONIER  DAVI', 'PAGO  DE DIA', '20000'),
(22, 14, '36562510', 'AURA', 'SERVICIOS', '10000'),
(23, 27, '22', 'harina', 'harina', '5600');

-- --------------------------------------------------------

--
-- Estructura de tabla para la tabla `detallefactura`
--

CREATE TABLE `detallefactura` (
  `idfactura` int(11) NOT NULL,
  `codplato` int(11) NOT NULL,
  `cantidadplatos` int(11) NOT NULL,
  `subtotal` int(11) NOT NULL,
  `observacionesplato` text,
  `subcosto` varchar(20) NOT NULL,
  `fechapedido` date NOT NULL
) ENGINE=InnoDB DEFAULT CHARSET=latin1;

--
-- Volcado de datos para la tabla `detallefactura`
--

INSERT INTO `detallefactura` (`idfactura`, `codplato`, `cantidadplatos`, `subtotal`, `observacionesplato`, `subcosto`, `fechapedido`) VALUES
(2, 1, 1, 7000, NULL, '0', '2019-08-16'),
(2, 5, 1, 9000, NULL, '0', '2019-08-16'),
(2, 16, 2, 6000, NULL, '0', '2019-08-16'),
(2, 20, 1, 3000, NULL, '0', '2019-08-16'),
(3, 1, 2, 14000, NULL, '0', '2019-08-16'),
(3, 25, 1, 1200, NULL, '0', '2019-08-16'),
(3, 31, 1, 2500, NULL, '0', '2019-08-16'),
(3, 3, 1, 8000, NULL, '0', '2019-08-16'),
(3, 2, 2, 16000, NULL, '0', '2019-08-16'),
(4, 5, 1, 9000, NULL, '0', '2019-08-16'),
(4, 2, 1, 8000, NULL, '0', '2019-08-16'),
(5, 5, 1, 9000, NULL, '0', '2019-08-16'),
(6, 2, 1, 8000, NULL, '0', '2019-08-16'),
(6, 3, 1, 8000, NULL, '0', '2019-08-16'),
(7, 4, 1, 9000, NULL, '0', '2019-08-16'),
(7, 7, 1, 9000, NULL, '0', '2019-08-16'),
(7, 12, 2, 20000, NULL, '0', '2019-08-16'),
(7, 21, 1, 3500, NULL, '0', '2019-08-16'),
(7, 10, 1, 10000, NULL, '0', '2019-08-16'),
(8, 1, 2, 14000, NULL, '0', '2019-08-17'),
(8, 23, 2, 2000, NULL, '0', '2019-08-17'),
(9, 8, 1, 13000, NULL, '0', '2019-08-17'),
(10, 2, 1, 8000, NULL, '0', '2019-08-17'),
(11, 2, 1, 8000, NULL, '0', '2019-08-17'),
(11, 29, 1, 2000, NULL, '0', '2019-08-17'),
(12, 4, 1, 9000, NULL, '0', '2019-08-17'),
(12, 5, 1, 9000, NULL, '0', '2019-08-17'),
(13, 1, 1, 7000, NULL, '0', '2019-08-17'),
(14, 1, 2, 14000, NULL, '0', '2019-08-17'),
(15, 5, 1, 9000, NULL, '0', '2019-08-17'),
(16, 2, 1, 8000, NULL, '0', '2019-08-17'),
(17, 13, 1, 15000, NULL, '0', '2019-08-17'),
(17, 11, 1, 11000, NULL, '0', '2019-08-17'),
(17, 10, 1, 10000, NULL, '0', '2019-08-17'),
(17, 21, 1, 3500, NULL, '0', '2019-08-17'),
(17, 17, 1, 2000, NULL, '0', '2019-08-17'),
(17, 1, 1, 7000, NULL, '0', '2019-08-17'),
(18, 1, 3, 21000, NULL, '0', '2019-08-17'),
(19, 1, 1, 7000, NULL, '0', '2019-08-17'),
(19, 16, 1, 3000, NULL, '0', '2019-08-17'),
(19, 16, 1, 3000, NULL, '0', '2019-08-17'),
(20, 5, 1, 9000, NULL, '0', '2019-08-17'),
(20, 4, 1, 9000, NULL, '0', '2019-08-17'),
(21, 2, 2, 16000, NULL, '0', '2019-08-18'),
(22, 1, 1, 7000, NULL, '0', '2019-08-18'),
(23, 1, 1, 7000, NULL, '0', '2019-08-18'),
(24, 5, 1, 9000, NULL, '0', '2019-08-18'),
(25, 1, 1, 7000, NULL, '0', '2019-08-18'),
(26, 2, 1, 8000, NULL, '0', '2019-08-18'),
(26, 17, 1, 2000, NULL, '0', '2019-08-18'),
(27, 3, 1, 8000, NULL, '0', '2019-08-18'),
(27, 3, 1, 8000, NULL, '0', '2019-08-18'),
(28, 1, 1, 7000, NULL, '0', '2019-08-18'),
(29, 1, 1, 7000, NULL, '0', '2019-08-18'),
(30, 1, 1, 7000, NULL, '0', '2019-08-18'),
(31, 7, 1, 10000, NULL, '0', '2019-08-18'),
(31, 17, 1, 2000, NULL, '0', '2019-08-18'),
(32, 5, 1, 9000, NULL, '0', '2019-08-18'),
(32, 7, 1, 10000, NULL, '0', '2019-08-18'),
(32, 2, 1, 8000, NULL, '0', '2019-08-18'),
(32, 21, 1, 3500, NULL, '0', '2019-08-18'),
(33, 7, 1, 10000, NULL, '0', '2019-08-18'),
(34, 5, 1, 9000, NULL, '0', '2019-08-18'),
(35, 1, 1, 7000, NULL, '0', '2019-08-18'),
(36, 2, 1, 8000, NULL, '0', '2019-08-18'),
(36, 7, 1, 10000, NULL, '0', '2019-08-18'),
(36, 23, 1, 1000, NULL, '0', '2019-08-18'),
(37, 6, 1, 9000, NULL, '0', '2019-08-19'),
(37, 33, 1, 2500, NULL, '0', '2019-08-19'),
(37, 27, 1, 2000, NULL, '0', '2019-08-19'),
(38, 10, 2, 20000, NULL, '0', '2019-08-19'),
(38, 19, 1, 2500, NULL, '0', '2019-08-19'),
(38, 16, 1, 3000, NULL, '0', '2019-08-19'),
(38, 19, 1, 2500, NULL, '0', '2019-08-19'),
(38, 34, 1, 2500, NULL, '0', '2019-08-19'),
(39, 4, 1, 9000, NULL, '0', '2019-08-19'),
(40, 1, 1, 7000, NULL, '0', '2019-08-19'),
(40, 5, 1, 9000, NULL, '0', '2019-08-19'),
(41, 13, 1, 15000, NULL, '0', '2019-08-19'),
(41, 16, 1, 3000, NULL, '0', '2019-08-19'),
(41, 16, 1, 3000, NULL, '0', '2019-08-19'),
(41, 2, 1, 8000, NULL, '0', '2019-08-19'),
(42, 2, 1, 8000, NULL, '0', '2019-08-19'),
(42, 12, 1, 10000, NULL, '0', '2019-08-19'),
(42, 17, 1, 2000, NULL, '0', '2019-08-19'),
(43, 7, 1, 10000, NULL, '0', '2019-08-19'),
(44, 2, 1, 8000, NULL, '0', '2019-08-19'),
(45, 4, 1, 9000, NULL, '0', '2019-08-19'),
(46, 21, 1, 3500, NULL, '0', '2019-08-19'),
(46, 4, 1, 9000, NULL, '0', '2019-08-19'),
(47, 1, 2, 14000, NULL, '0', '2019-08-19'),
(48, 3, 1, 8000, NULL, '0', '2019-08-19'),
(48, 20, 1, 3000, NULL, '1800', '2019-08-19'),
(49, 20, 1, 3000, NULL, '1800', '2019-08-19'),
(50, 12, 1, 10000, NULL, '0', '2019-08-19'),
(50, 1, 1, 7000, NULL, '0', '2019-08-19'),
(51, 21, 1, 3500, NULL, '0', '2019-08-19'),
(52, 5, 1, 9000, NULL, '0', '2019-08-23'),
(52, 2, 1, 8000, NULL, '0', '2019-08-23'),
(53, 4, 2, 18000, NULL, '0', '2019-08-23'),
(53, 7, 1, 10000, NULL, '0', '2019-08-23'),
(53, 21, 1, 3500, NULL, '0', '2019-08-23'),
(54, 1, 1, 7000, NULL, '0', '2019-08-23'),
(55, 1, 1, 7000, NULL, '0', '2019-08-23'),
(56, 1, 1, 7000, NULL, '0', '2019-08-23'),
(56, 2, 1, 8000, NULL, '0', '2019-08-23'),
(57, 2, 1, 8000, NULL, '0', '2019-08-23'),
(58, 2, 1, 8000, NULL, '0', '2019-08-23'),
(59, 2, 1, 8000, NULL, '0', '2019-08-23'),
(59, 21, 1, 3500, NULL, '0', '2019-08-23'),
(60, 1, 1, 7000, NULL, '0', '2019-08-23'),
(60, 2, 1, 8000, NULL, '0', '2019-08-23'),
(60, 4, 1, 9000, NULL, '0', '2019-08-23'),
(61, 1, 1, 7000, NULL, '0', '2019-08-23'),
(62, 7, 1, 10000, NULL, '0', '2019-08-24'),
(62, 5, 1, 9000, NULL, '0', '2019-08-24'),
(62, 25, 1, 1200, NULL, '0', '2019-08-24'),
(63, 29, 1, 2000, NULL, '0', '2019-08-24'),
(63, 1, 1, 7000, NULL, '0', '2019-08-24'),
(64, 5, 1, 9000, NULL, '0', '2019-08-24'),
(64, 2, 1, 8000, NULL, '0', '2019-08-24'),
(64, 25, 1, 1200, NULL, '0', '2019-08-24'),
(65, 5, 1, 9000, NULL, '0', '2019-08-24'),
(67, 7, 1, 10000, NULL, '0', '2019-08-24'),
(69, 2, 2, 16000, NULL, '0', '2019-08-24'),
(69, 1, 2, 14000, NULL, '0', '2019-08-24'),
(70, 2, 1, 8000, NULL, '0', '2019-08-24'),
(71, 4, 1, 9000, NULL, '0', '2019-08-24'),
(71, 5, 1, 9000, NULL, '0', '2019-08-24'),
(72, 7, 1, 10000, NULL, '0', '2019-08-24'),
(72, 2, 1, 8000, NULL, '0', '2019-08-24'),
(72, 21, 1, 3500, NULL, '0', '2019-08-24'),
(73, 5, 1, 9000, NULL, '0', '2019-08-24'),
(74, 1, 1, 7000, NULL, '0', '2019-08-24'),
(74, 4, 1, 9000, NULL, '0', '2019-08-24'),
(75, 7, 1, 10000, NULL, '0', '2019-08-24'),
(75, 14, 1, 10000, NULL, '0', '2019-08-24'),
(75, 2, 1, 8000, NULL, '0', '2019-08-24'),
(75, 21, 1, 3500, NULL, '0', '2019-08-24'),
(76, 1, 3, 21000, NULL, '0', '2019-08-24'),
(77, 4, 1, 9000, NULL, '0', '2019-08-24'),
(78, 1, 1, 7000, NULL, '0', '2019-08-24'),
(79, 2, 1, 8000, NULL, '0', '2019-08-25'),
(80, 10, 1, 10000, NULL, '0', '2019-08-25'),
(80, 6, 1, 9000, NULL, '0', '2019-08-25'),
(81, 7, 1, 10000, NULL, '0', '2019-08-25'),
(82, 2, 1, 8000, NULL, '0', '2019-08-25'),
(83, 4, 3, 27000, NULL, '0', '2019-08-25'),
(83, 10, 3, 30000, NULL, '0', '2019-08-25'),
(83, 5, 1, 9000, NULL, '0', '2019-08-25'),
(83, 11, 1, 11000, NULL, '0', '2019-08-25'),
(83, 1, 1, 7000, NULL, '0', '2019-08-25'),
(83, 21, 2, 7000, NULL, '0', '2019-08-25'),
(83, 10, 4, 40000, NULL, '0', '2019-08-25'),
(83, 4, 2, 18000, NULL, '0', '2019-08-25'),
(83, 4, 1, 9000, NULL, '0', '2019-08-25'),
(83, 10, 1, 10000, NULL, '0', '2019-08-25'),
(84, 3, 1, 8000, NULL, '0', '2019-08-25'),
(85, 1, 2, 14000, NULL, '0', '2019-08-25'),
(86, 1, 1, 7000, NULL, '0', '2019-08-25'),
(87, 1, 1, 7000, NULL, '0', '2019-08-25'),
(87, 12, 1, 10000, NULL, '0', '2019-08-25'),
(88, 5, 1, 9000, NULL, '0', '2019-08-25'),
(89, 3, 1, 8000, NULL, '0', '2019-08-25'),
(89, 15, 1, 15000, NULL, '0', '2019-08-25'),
(89, 17, 1, 2000, NULL, '1200', '2019-08-25'),
(89, 20, 1, 3000, NULL, '1800', '2019-08-25'),
(89, 20, 1, 3000, NULL, '1800', '2019-08-25'),
(90, 1, 2, 14000, NULL, '0', '2019-08-25'),
(91, 8, 1, 13000, NULL, '0', '2019-08-25'),
(91, 7, 1, 10000, NULL, '0', '2019-08-25'),
(91, 16, 2, 6000, NULL, '3000', '2019-08-25'),
(92, 16, 1, 3000, NULL, '1500', '2019-08-25'),
(93, 1, 7, 49000, NULL, '0', '2019-08-30'),
(93, 17, 1, 2000, NULL, '1200', '2019-08-30'),
(94, 1, 1, 7000, NULL, '0', '2019-08-30'),
(94, 5, 1, 9000, NULL, '0', '2019-08-30'),
(94, 7, 1, 10000, NULL, '0', '2019-08-30'),
(94, 7, 1, 10000, NULL, '0', '2019-08-30'),
(95, 1, 1, 7000, NULL, '0', '2019-08-30'),
(96, 4, 2, 18000, NULL, '0', '2019-08-30'),
(97, 5, 1, 9000, NULL, '0', '2019-08-30'),
(98, 2, 1, 8000, NULL, '0', '2019-08-30'),
(99, 2, 1, 8000, NULL, '0', '2019-08-30'),
(99, 29, 1, 2000, NULL, '0', '2019-08-30'),
(100, 16, 1, 3000, NULL, '1500', '2019-08-30'),
(100, 13, 1, 15000, NULL, '0', '2019-08-30'),
(101, 1, 1, 7000, NULL, '0', '2019-08-30'),
(101, 4, 1, 9000, NULL, '0', '2019-08-30'),
(101, 21, 2, 7000, NULL, '6000', '2019-08-30'),
(102, 13, 2, 30000, NULL, '0', '2019-08-30'),
(102, 35, 1, 3500, NULL, '2300', '2019-08-30'),
(102, 1, 1, 7000, NULL, '0', '2019-08-30'),
(102, 16, 1, 3000, NULL, '1500', '2019-08-30'),
(103, 5, 1, 9000, NULL, '0', '2019-08-31'),
(104, 2, 1, 8000, NULL, '0', '2019-08-31'),
(105, 2, 2, 16000, NULL, '0', '2019-08-31'),
(106, 1, 2, 14000, NULL, '0', '2019-08-31'),
(107, 1, 1, 7000, NULL, '0', '2019-08-31'),
(107, 17, 2, 4000, NULL, '2400', '2019-08-31'),
(108, 1, 1, 7000, NULL, '0', '2019-08-31'),
(109, 1, 1, 7000, NULL, '0', '2019-08-31'),
(109, 2, 1, 8000, NULL, '0', '2019-08-31'),
(109, 29, 1, 2000, NULL, '0', '2019-08-31'),
(110, 3, 1, 8000, NULL, '0', '2019-08-31'),
(111, 7, 1, 10000, NULL, '0', '2019-08-31'),
(111, 1, 2, 14000, NULL, '0', '2019-08-31'),
(112, 13, 1, 15000, NULL, '0', '2019-08-31'),
(112, 16, 2, 6000, NULL, '3000', '2019-08-31'),
(113, 3, 2, 16000, NULL, '0', '2019-08-31'),
(113, 28, 1, 2000, NULL, '0', '2019-08-31'),
(114, 1, 1, 7000, NULL, '0', '2019-08-31'),
(114, 17, 1, 2000, NULL, '1200', '2019-08-31'),
(115, 13, 1, 15000, NULL, '0', '2019-08-31'),
(116, 1, 1, 7000, NULL, '0', '2019-08-31'),
(117, 2, 1, 8000, NULL, '0', '2019-08-31'),
(117, 12, 2, 20000, NULL, '0', '2019-08-31'),
(117, 21, 1, 3500, NULL, '3000', '2019-08-31'),
(118, 14, 1, 10000, NULL, '0', '2019-08-31'),
(119, 35, 1, 3500, NULL, '2300', '2019-08-31'),
(120, 20, 2, 6000, NULL, '3600', '2019-09-01'),
(120, 7, 1, 10000, NULL, '0', '2019-09-01'),
(120, 2, 1, 8000, NULL, '0', '2019-09-01'),
(120, 2, 1, 8000, NULL, '0', '2019-09-01'),
(120, 29, 1, 2000, NULL, '0', '2019-09-01'),
(120, 35, 1, 3500, NULL, '2300', '2019-09-01'),
(121, 2, 2, 16000, NULL, '0', '2019-09-01'),
(122, 1, 1, 7000, NULL, '0', '2019-09-01'),
(122, 7, 1, 10000, NULL, '0', '2019-09-01'),
(123, 2, 1, 8000, NULL, '0', '2019-09-01'),
(123, 5, 1, 9000, NULL, '0', '2019-09-01'),
(124, 7, 1, 10000, NULL, '0', '2019-09-01'),
(124, 2, 1, 8000, NULL, '0', '2019-09-01'),
(125, 2, 1, 8000, NULL, '0', '2019-09-01'),
(125, 4, 1, 9000, NULL, '0', '2019-09-01'),
(125, 1, 1, 7000, NULL, '0', '2019-09-01'),
(126, 1, 1, 7000, NULL, '0', '2019-09-01'),
(126, 17, 2, 4000, NULL, '2400', '2019-09-01'),
(127, 3, 1, 8000, NULL, '0', '2019-09-01'),
(128, 1, 1, 7000, NULL, '0', '2019-09-01'),
(128, 27, 1, 2000, NULL, '0', '2019-09-01'),
(129, 1, 1, 7000, NULL, '0', '2019-09-01'),
(130, 2, 1, 8000, NULL, '0', '2019-09-01'),
(131, 7, 2, 20000, NULL, '0', '2019-09-06'),
(132, 4, 1, 9000, NULL, '0', '2019-09-06'),
(132, 5, 1, 9000, NULL, '0', '2019-09-06'),
(132, 21, 1, 3500, NULL, '3000', '2019-09-06'),
(133, 4, 1, 9000, NULL, '0', '2019-09-06'),
(134, 13, 1, 15000, NULL, '0', '2019-09-06'),
(135, 1, 1, 7000, NULL, '0', '2019-09-06'),
(135, 7, 1, 10000, NULL, '0', '2019-09-06'),
(136, 3, 2, 16000, NULL, '0', '2019-09-06'),
(136, 14, 1, 10000, NULL, '0', '2019-09-06'),
(136, 17, 1, 2000, NULL, '1200', '2019-09-06'),
(136, 16, 1, 3000, NULL, '1500', '2019-09-06'),
(138, 7, 1, 10000, NULL, '0', '2019-09-07'),
(139, 7, 4, 40000, NULL, '0', '2019-09-07'),
(139, 2, 2, 16000, NULL, '0', '2019-09-07'),
(139, 1, 1, 7000, NULL, '0', '2019-09-07'),
(139, 25, 2, 2400, NULL, '0', '2019-09-07'),
(139, 29, 1, 2000, NULL, '0', '2019-09-07'),
(140, 5, 1, 9000, NULL, '0', '2019-09-07'),
(141, 1, 1, 7000, NULL, '0', '2019-09-07'),
(141, 2, 1, 8000, NULL, '0', '2019-09-07'),
(142, 1, 1, 7000, NULL, '0', '2019-09-07'),
(143, 1, 2, 14000, NULL, '0', '2019-09-07'),
(144, 7, 2, 20000, NULL, '0', '2019-09-07'),
(144, 1, 1, 7000, NULL, '0', '2019-09-07'),
(145, 2, 1, 8000, NULL, '0', '2019-09-07'),
(146, 4, 1, 9000, NULL, '0', '2019-09-07'),
(147, 16, 1, 3000, NULL, '1500', '2019-09-07'),
(147, 1, 1, 7000, NULL, '0', '2019-09-07'),
(148, 35, 1, 3500, NULL, '2300', '2019-09-07'),
(149, 36, 1, 5000, NULL, '2000', '2019-09-07'),
(149, 16, 1, 3000, NULL, '1500', '2019-09-07'),
(149, 17, 1, 2000, NULL, '1200', '2019-09-07'),
(150, 1, 1, 7000, NULL, '0', '2019-09-07'),
(150, 3, 1, 8000, NULL, '0', '2019-09-07'),
(150, 4, 1, 9000, NULL, '0', '2019-09-07'),
(150, 1, 1, 7000, NULL, '0', '2019-09-07'),
(150, 2, 1, 8000, NULL, '0', '2019-09-07'),
(151, 2, 1, 8000, NULL, '0', '2019-09-08'),
(151, 35, 1, 3500, NULL, '2300', '2019-09-08'),
(152, 1, 1, 7000, NULL, '0', '2019-09-08'),
(152, 2, 1, 8000, NULL, '0', '2019-09-08'),
(153, 1, 1, 7000, NULL, '0', '2019-09-08'),
(154, 2, 1, 8000, NULL, '0', '2019-09-08'),
(154, 14, 1, 10000, NULL, '0', '2019-09-08'),
(154, 17, 1, 2000, NULL, '1200', '2019-09-08'),
(154, 2, 1, 8000, NULL, '0', '2019-09-08'),
(154, 19, 1, 2500, NULL, '1200', '2019-09-08'),
(155, 2, 1, 8000, NULL, '0', '2019-09-08'),
(156, 1, 1, 7000, NULL, '0', '2019-09-08'),
(156, 21, 1, 3500, NULL, '3000', '2019-09-08'),
(156, 36, 1, 5000, NULL, '2000', '2019-09-08'),
(157, 1, 1, 7000, NULL, '0', '2019-09-08'),
(157, 35, 1, 3500, NULL, '2300', '2019-09-08'),
(157, 2, 1, 8000, NULL, '0', '2019-09-08'),
(158, 10, 3, 30000, NULL, '0', '2019-09-13'),
(158, 27, 1, 2000, NULL, '0', '2019-09-13'),
(158, 21, 1, 3500, NULL, '3000', '2019-09-13'),
(158, 2, 1, 8000, NULL, '0', '2019-09-13'),
(159, 7, 1, 10000, NULL, '0', '2019-09-13'),
(161, 2, 1, 8000, NULL, '0', '2019-09-13'),
(162, 7, 1, 10000, NULL, '0', '2019-09-07'),
(162, 7, 1, 10000, NULL, '0', '2019-09-13'),
(163, 9, 1, 8000, NULL, '0', '2019-09-13'),
(163, 28, 1, 2000, NULL, '0', '2019-09-13'),
(163, 13, 1, 15000, NULL, '0', '2019-09-13'),
(163, 12, 1, 10000, NULL, '0', '2019-09-13'),
(163, 16, 1, 3000, NULL, '1500', '2019-09-13'),
(163, 17, 1, 2000, NULL, '1200', '2019-09-13'),
(164, 4, 1, 9000, NULL, '0', '2019-09-13'),
(164, 16, 1, 3000, NULL, '1500', '2019-09-13'),
(165, 1, 1, 7000, NULL, '0', '2019-09-13'),
(166, 7, 1, 10000, NULL, '0', '2019-09-13'),
(167, 1, 1, 7000, NULL, '0', '2019-09-13'),
(168, 7, 1, 10000, NULL, '0', '2019-09-13'),
(169, 5, 1, 9000, NULL, '0', '2019-09-13'),
(169, 21, 1, 3500, NULL, '3000', '2019-09-13'),
(170, 7, 5, 50000, NULL, '0', '2019-09-13'),
(170, 35, 2, 7000, NULL, '4600', '2019-09-13'),
(170, 10, 1, 10000, NULL, '0', '2019-09-13'),
(170, 10, 1, 10000, NULL, '0', '2019-09-13'),
(171, 1, 1, 7000, NULL, '0', '2019-09-13'),
(171, 7, 1, 10000, NULL, '0', '2019-09-13'),
(171, 16, 1, 3000, NULL, '1500', '2019-09-13'),
(171, 20, 1, 3000, NULL, '1800', '2019-09-13'),
(171, 23, 1, 1000, NULL, '0', '2019-09-13'),
(172, 15, 1, 15000, NULL, '0', '2019-09-14'),
(172, 16, 2, 6000, NULL, '3000', '2019-09-14'),
(173, 5, 1, 9000, NULL, '0', '2019-09-14'),
(173, 1, 1, 7000, NULL, '0', '2019-09-14'),
(174, 14, 2, 20000, NULL, '0', '2019-09-14'),
(174, 1, 1, 7000, NULL, '0', '2019-09-14'),
(175, 2, 2, 16000, NULL, '0', '2019-09-14'),
(176, 2, 1, 8000, NULL, '0', '2019-09-14'),
(176, 29, 1, 2000, NULL, '0', '2019-09-14'),
(177, 2, 1, 8000, NULL, '0', '2019-09-14'),
(177, 5, 2, 18000, NULL, '0', '2019-09-14'),
(177, 3, 1, 8000, NULL, '0', '2019-09-14'),
(177, 16, 1, 3000, NULL, '1500', '2019-09-14'),
(177, 35, 1, 3500, NULL, '2300', '2019-09-14'),
(178, 7, 1, 10000, NULL, '0', '2019-09-14'),
(178, 17, 1, 2000, NULL, '1200', '2019-09-14'),
(178, 17, 1, 2000, NULL, '1200', '2019-09-14'),
(179, 1, 2, 14000, NULL, '0', '2019-09-14'),
(179, 21, 1, 3500, NULL, '3000', '2019-09-14'),
(180, 1, 1, 7000, NULL, '0', '2019-09-14'),
(181, 7, 1, 10000, NULL, '0', '2019-09-14'),
(181, 17, 1, 2000, NULL, '1200', '2019-09-14'),
(182, 2, 1, 8000, NULL, '0', '2019-09-14'),
(182, 18, 1, 1200, NULL, '0', '2019-09-14'),
(183, 1, 1, 7000, NULL, '0', '2019-09-14'),
(184, 2, 1, 8000, NULL, '0', '2019-09-14'),
(184, 17, 1, 2000, NULL, '1200', '2019-09-14'),
(184, 36, 1, 5000, NULL, '2000', '2019-09-14'),
(185, 5, 1, 9000, NULL, '0', '2019-09-14'),
(185, 36, 1, 5000, NULL, '2000', '2019-09-14'),
(185, 3, 1, 8000, NULL, '0', '2019-09-14'),
(186, 1, 1, 7000, NULL, '0', '2019-09-14'),
(186, 4, 1, 9000, NULL, '0', '2019-09-14'),
(186, 35, 1, 3500, NULL, '2300', '2019-09-14'),
(187, 36, 1, 5000, NULL, '2000', '2019-09-14'),
(188, 1, 1, 7000, NULL, '0', '2019-09-14'),
(188, 7, 1, 10000, NULL, '0', '2019-09-14'),
(188, 21, 1, 3500, NULL, '3000', '2019-09-14'),
(189, 16, 1, 3000, NULL, '1500', '2019-09-14'),
(189, 7, 1, 10000, NULL, '0', '2019-09-14'),
(189, 1, 1, 7000, NULL, '0', '2019-09-14'),
(189, 14, 1, 10000, NULL, '0', '2019-09-14'),
(189, 36, 3, 15000, NULL, '6000', '2019-09-14'),
(190, 5, 1, 9000, NULL, '0', '2019-09-20'),
(191, 5, 1, 9000, NULL, '0', '2019-09-20'),
(191, 2, 1, 8000, NULL, '0', '2019-09-20'),
(192, 15, 2, 30000, NULL, '0', '2019-09-20'),
(192, 10, 1, 10000, NULL, '0', '2019-09-20'),
(192, 17, 1, 2000, NULL, '1200', '2019-09-20'),
(192, 16, 1, 3000, NULL, '1500', '2019-09-20'),
(193, 2, 1, 8000, NULL, '0', '2019-09-20'),
(194, 12, 2, 20000, NULL, '0', '2019-09-20'),
(195, 7, 1, 10000, NULL, '0', '2019-09-20'),
(196, 7, 2, 20000, NULL, '0', '2019-09-21'),
(196, 16, 1, 3000, NULL, '1500', '2019-09-21'),
(197, 1, 1, 7000, NULL, '0', '2019-09-21'),
(197, 17, 1, 2000, NULL, '1200', '2019-09-21'),
(198, 4, 2, 18000, NULL, '0', '2019-09-21'),
(198, 17, 2, 4000, NULL, '2400', '2019-09-21'),
(199, 2, 2, 16000, NULL, '0', '2019-09-21'),
(200, 5, 1, 9000, NULL, '0', '2019-09-21'),
(200, 2, 1, 8000, NULL, '0', '2019-09-21'),
(200, 35, 1, 3500, NULL, '2300', '2019-09-21'),
(201, 4, 2, 18000, NULL, '0', '2019-09-21'),
(201, 1, 1, 7000, NULL, '0', '2019-09-21'),
(201, 15, 1, 15000, NULL, '0', '2019-09-21'),
(201, 35, 1, 3500, NULL, '2300', '2019-09-21'),
(202, 5, 1, 9000, NULL, '0', '2019-09-21'),
(203, 5, 1, 9000, NULL, '0', '2019-09-21'),
(203, 26, 1, 1500, NULL, '0', '2019-09-21'),
(203, 23, 1, 1000, NULL, '0', '2019-09-21'),
(203, 16, 1, 3000, NULL, '1500', '2019-09-21'),
(204, 2, 1, 8000, NULL, '0', '2019-09-21'),
(204, 29, 1, 2000, NULL, '0', '2019-09-21'),
(205, 36, 1, 5000, NULL, '2000', '2019-09-21'),
(205, 4, 1, 9000, NULL, '0', '2019-09-21'),
(205, 2, 1, 8000, NULL, '0', '2019-09-21'),
(205, 35, 1, 3500, NULL, '2300', '2019-09-21'),
(206, 1, 2, 14000, NULL, '0', '2019-09-21'),
(206, 35, 1, 3500, NULL, '2300', '2019-09-21'),
(206, 7, 1, 10000, NULL, '0', '2019-09-21'),
(206, 1, 1, 7000, NULL, '0', '2019-09-21'),
(207, 9, 1, 8000, NULL, '0', '2019-09-21'),
(208, 1, 2, 14000, NULL, '0', '2019-09-27'),
(208, 7, 1, 10000, NULL, '0', '2019-09-27'),
(209, 7, 1, 10000, NULL, '0', '2019-09-27'),
(209, 3, 1, 8000, NULL, '0', '2019-09-27'),
(209, 15, 1, 15000, NULL, '0', '2019-09-27'),
(209, 16, 1, 3000, NULL, '1500', '2019-09-27'),
(209, 20, 1, 3000, NULL, '1800', '2019-09-27'),
(209, 28, 1, 2000, NULL, '0', '2019-09-27'),
(209, 17, 1, 2000, NULL, '1200', '2019-09-27'),
(210, 5, 1, 9000, NULL, '0', '2019-09-27'),
(211, 1, 2, 14000, NULL, '0', '2019-09-27'),
(212, 1, 2, 14000, NULL, '0', '2019-09-27'),
(212, 23, 1, 1000, NULL, '0', '2019-09-27'),
(213, 7, 5, 50000, NULL, '0', '2019-09-27'),
(213, 5, 2, 18000, NULL, '0', '2019-09-27'),
(213, 2, 1, 8000, NULL, '0', '2019-09-27'),
(214, 1, 1, 7000, NULL, '0', '2019-09-27'),
(215, 1, 1, 7000, NULL, '0', '2019-09-27'),
(215, 7, 1, 10000, NULL, '0', '2019-09-27'),
(216, 14, 1, 10000, NULL, '0', '2019-09-27'),
(216, 1, 2, 14000, NULL, '0', '2019-09-27'),
(216, 5, 1, 9000, NULL, '0', '2019-09-27'),
(217, 2, 1, 8000, NULL, '0', '2019-09-28'),
(217, 1, 1, 7000, NULL, '0', '2019-09-28'),
(217, 7, 1, 10000, NULL, '0', '2019-09-28'),
(218, 7, 2, 20000, NULL, '0', '2019-09-28'),
(218, 16, 2, 6000, NULL, '3000', '2019-09-28'),
(219, 7, 1, 10000, NULL, '0', '2019-09-28'),
(219, 15, 1, 15000, NULL, '0', '2019-09-28'),
(219, 35, 1, 3500, NULL, '2300', '2019-09-28'),
(220, 7, 1, 10000, NULL, '0', '2019-09-28'),
(220, 35, 1, 3500, NULL, '2300', '2019-09-28'),
(221, 5, 1, 9000, NULL, '0', '2019-09-28'),
(221, 35, 1, 3500, NULL, '2300', '2019-09-28'),
(222, 36, 1, 5000, NULL, '2000', '2019-09-28'),
(222, 17, 1, 2000, NULL, '1200', '2019-09-28'),
(223, 1, 3, 21000, NULL, '0', '2019-09-28'),
(223, 2, 2, 16000, NULL, '0', '2019-09-28'),
(224, 1, 2, 14000, NULL, '0', '2019-09-28'),
(225, 2, 1, 8000, NULL, '0', '2019-09-29'),
(225, 5, 1, 9000, NULL, '0', '2019-09-29'),
(226, 2, 1, 8000, NULL, '0', '2019-09-29'),
(226, 7, 1, 10000, NULL, '0', '2019-09-29'),
(226, 3, 1, 8000, NULL, '0', '2019-09-29'),
(227, 2, 1, 8000, NULL, '0', '2019-09-29'),
(227, 35, 1, 3500, NULL, '2300', '2019-09-29'),
(227, 29, 1, 2000, NULL, '0', '2019-09-29'),
(228, 2, 2, 16000, NULL, '0', '2019-09-29'),
(229, 16, 2, 6000, NULL, '3000', '2019-09-29'),
(229, 1, 1, 7000, NULL, '0', '2019-09-29'),
(230, 4, 1, 9000, NULL, '0', '2019-09-29'),
(231, 7, 1, 10000, NULL, '0', '2019-09-29'),
(232, 1, 1, 7000, NULL, '0', '2019-09-29'),
(232, 2, 1, 8000, NULL, '0', '2019-09-29'),
(233, 5, 1, 9000, NULL, '0', '2019-10-04'),
(234, 1, 3, 21000, NULL, '0', '2019-10-04'),
(234, 3, 2, 16000, NULL, '0', '2019-10-04'),
(234, 5, 1, 9000, NULL, '0', '2019-10-04'),
(234, 3, 1, 8000, NULL, '0', '2019-10-04'),
(234, 1, 1, 7000, NULL, '0', '2019-10-04'),
(235, 2, 4, 32000, NULL, '0', '2019-10-05'),
(235, 5, 1, 9000, NULL, '0', '2019-10-05'),
(236, 1, 2, 14000, NULL, '0', '2019-10-05'),
(236, 2, 1, 8000, NULL, '0', '2019-10-05'),
(237, 7, 1, 10000, NULL, '0', '2019-10-05'),
(237, 2, 1, 8000, NULL, '0', '2019-10-05'),
(238, 7, 1, 10000, NULL, '0', '2019-10-05'),
(238, 16, 1, 3000, NULL, '1500', '2019-10-05'),
(238, 7, 1, 10000, NULL, '0', '2019-10-05'),
(239, 5, 1, 9000, NULL, '0', '2019-10-05'),
(239, 17, 2, 4000, NULL, '2400', '2019-10-05'),
(239, 1, 1, 7000, NULL, '0', '2019-10-05'),
(240, 15, 1, 15000, NULL, '0', '2019-10-05'),
(241, 2, 1, 8000, NULL, '0', '2019-10-05'),
(241, 5, 1, 9000, NULL, '0', '2019-10-05'),
(241, 1, 1, 7000, NULL, '0', '2019-10-05'),
(242, 36, 2, 10000, NULL, '4000', '2019-10-05'),
(242, 1, 1, 7000, NULL, '0', '2019-10-05'),
(243, 7, 1, 10000, NULL, '0', '2019-10-05'),
(243, 21, 1, 3500, NULL, '3000', '2019-10-05'),
(244, 1, 1, 7000, NULL, '0', '2019-10-05'),
(244, 7, 1, 10000, NULL, '0', '2019-10-05'),
(244, 2, 1, 8000, NULL, '0', '2019-10-05'),
(244, 16, 3, 9000, NULL, '4500', '2019-10-05'),
(244, 1, 1, 7000, NULL, '0', '2019-10-05'),
(245, 2, 1, 8000, NULL, '0', '2019-10-06'),
(245, 7, 1, 10000, NULL, '0', '2019-10-06'),
(246, 5, 1, 9000, NULL, '0', '2019-10-06'),
(246, 35, 1, 3500, NULL, '2300', '2019-10-06'),
(247, 1, 2, 14000, NULL, '0', '2019-10-06'),
(247, 6, 2, 18000, NULL, '0', '2019-10-06'),
(248, 7, 1, 10000, NULL, '0', '2019-10-06'),
(249, 35, 1, 3500, NULL, '2300', '2019-10-06'),
(250, 3, 1, 8000, NULL, '0', '2019-10-06'),
(250, 29, 1, 2000, NULL, '0', '2019-10-06'),
(251, 2, 2, 16000, NULL, '0', '2019-10-06'),
(251, 29, 2, 4000, NULL, '0', '2019-10-06'),
(252, 4, 1, 9000, NULL, '0', '2019-10-06'),
(253, 2, 1, 8000, NULL, '0', '2019-10-06'),
(254, 35, 1, 3500, NULL, '2300', '2019-10-06'),
(254, 1, 1, 7000, NULL, '0', '2019-10-06'),
(255, 2, 1, 8000, NULL, '0', '2019-10-06'),
(255, 25, 1, 1200, NULL, '0', '2019-10-06'),
(256, 1, 1, 7000, NULL, '0', '2019-10-06'),
(256, 5, 1, 9000, NULL, '0', '2019-10-06'),
(256, 35, 1, 3500, NULL, '2300', '2019-10-06'),
(257, 1, 2, 14000, NULL, '0', '2019-10-06'),
(258, 35, 1, 3500, NULL, '2300', '2019-10-06'),
(258, 5, 1, 9000, NULL, '0', '2019-10-06'),
(258, 7, 1, 10000, NULL, '0', '2019-10-06'),
(259, 1, 1, 7000, NULL, '0', '2019-10-11'),
(259, 2, 1, 8000, NULL, '0', '2019-10-11'),
(259, 17, 1, 2000, NULL, '1200', '2019-10-11'),
(260, 4, 2, 18000, NULL, '0', '2019-10-11'),
(260, 1, 1, 7000, NULL, '0', '2019-10-11'),
(260, 35, 1, 3500, NULL, '2300', '2019-10-11'),
(260, 10, 1, 10000, NULL, '0', '2019-10-11'),
(261, 5, 1, 9000, NULL, '0', '2019-10-11'),
(262, 5, 1, 9000, NULL, '0', '2019-10-11'),
(263, 1, 1, 7000, NULL, '0', '2019-10-11'),
(264, 1, 3, 21000, NULL, '0', '2019-10-12'),
(265, 7, 1, 10000, NULL, '0', '2019-10-12'),
(265, 17, 1, 2000, NULL, '1200', '2019-10-12'),
(265, 26, 1, 1500, NULL, '0', '2019-10-12'),
(266, 1, 1, 7000, NULL, '0', '2019-10-12'),
(266, 7, 1, 10000, NULL, '0', '2019-10-12'),
(266, 2, 1, 8000, NULL, '0', '2019-10-12'),
(267, 2, 1, 8000, NULL, '0', '2019-10-12'),
(267, 10, 1, 10000, NULL, '0', '2019-10-12'),
(267, 17, 1, 2000, NULL, '1200', '2019-10-12'),
(268, 2, 1, 8000, NULL, '0', '2019-10-12'),
(268, 29, 1, 2000, NULL, '0', '2019-10-12'),
(269, 2, 1, 8000, NULL, '0', '2019-10-12'),
(269, 5, 1, 9000, NULL, '0', '2019-10-12'),
(270, 2, 2, 16000, NULL, '0', '2019-10-12'),
(270, 1, 1, 7000, NULL, '0', '2019-10-12'),
(271, 7, 1, 10000, NULL, '0', '2019-10-12'),
(272, 5, 1, 9000, NULL, '0', '2019-10-12'),
(273, 8, 1, 13000, NULL, '0', '2019-10-12'),
(274, 2, 2, 16000, NULL, '0', '2019-10-12'),
(275, 3, 1, 8000, NULL, '0', '2019-10-12'),
(275, 2, 1, 8000, NULL, '0', '2019-10-12'),
(276, 5, 1, 9000, NULL, '0', '2019-10-12'),
(277, 1, 1, 7000, NULL, '0', '2019-10-12'),
(278, 1, 2, 14000, NULL, '0', '2019-10-12'),
(278, 2, 1, 8000, NULL, '0', '2019-10-12'),
(279, 1, 1, 7000, NULL, '0', '2019-10-12'),
(279, 1, 1, 7000, NULL, '0', '2019-10-12'),
(279, 2, 1, 8000, NULL, '0', '2019-10-12'),
(280, 7, 1, 10000, NULL, '0', '2019-10-12'),
(280, 5, 2, 18000, NULL, '0', '2019-10-12'),
(281, 1, 2, 14000, NULL, '0', '2019-10-13'),
(281, 2, 1, 8000, NULL, '0', '2019-10-13'),
(282, 1, 1, 7000, NULL, '0', '2019-10-13'),
(282, 4, 1, 9000, NULL, '0', '2019-10-13'),
(283, 1, 1, 7000, NULL, '0', '2019-10-13'),
(283, 7, 2, 20000, NULL, '0', '2019-10-13'),
(284, 2, 1, 8000, NULL, '0', '2019-10-13'),
(284, 4, 1, 9000, NULL, '0', '2019-10-13'),
(284, 35, 1, 3500, NULL, '2300', '2019-10-13'),
(284, 1, 1, 7000, NULL, '0', '2019-10-13'),
(285, 8, 1, 13000, NULL, '0', '2019-10-13'),
(285, 7, 1, 10000, NULL, '0', '2019-10-13'),
(285, 17, 1, 2000, NULL, '1200', '2019-10-13'),
(286, 4, 1, 9000, NULL, '0', '2019-10-13'),
(286, 5, 1, 9000, NULL, '0', '2019-10-13'),
(286, 2, 1, 8000, NULL, '0', '2019-10-13'),
(287, 1, 1, 7000, NULL, '0', '2019-10-13'),
(288, 1, 2, 14000, NULL, '0', '2019-10-13'),
(288, 2, 1, 8000, NULL, '0', '2019-10-13'),
(289, 2, 2, 16000, NULL, '0', '2019-10-13'),
(290, 1, 2, 14000, NULL, '0', '2019-10-13'),
(291, 1, 1, 7000, NULL, '0', '2019-10-13'),
(291, 7, 1, 10000, NULL, '0', '2019-10-13'),
(292, 1, 2, 14000, NULL, '0', '2019-10-13'),
(293, 5, 1, 9000, NULL, '0', '2019-10-14'),
(294, 5, 1, 9000, NULL, '0', '2019-10-14'),
(294, 35, 1, 3500, NULL, '2300', '2019-10-14'),
(295, 1, 1, 7000, NULL, '0', '2019-10-14'),
(295, 7, 1, 10000, NULL, '0', '2019-10-14'),
(296, 3, 1, 8000, NULL, '0', '2019-10-14'),
(297, 5, 2, 18000, NULL, '0', '2019-10-14'),
(298, 7, 1, 10000, NULL, '0', '2019-10-14'),
(298, 17, 1, 2000, NULL, '1200', '2019-10-14'),
(299, 8, 1, 13000, NULL, '0', '2019-10-14'),
(299, 29, 1, 2000, NULL, '0', '2019-10-14'),
(300, 2, 2, 16000, NULL, '0', '2019-10-14'),
(300, 5, 1, 9000, NULL, '0', '2019-10-14'),
(300, 21, 1, 3500, NULL, '3000', '2019-10-14'),
(300, 25, 1, 1200, NULL, '0', '2019-10-14'),
(300, 14, 1, 10000, NULL, '0', '2019-10-14'),
(300, 5, 1, 9000, NULL, '0', '2019-10-14'),
(301, 10, 1, 10000, NULL, '0', '2019-10-19'),
(301, 2, 1, 8000, NULL, '0', '2019-10-19'),
(302, 2, 1, 8000, NULL, '0', '2019-10-19'),
(302, 1, 1, 7000, NULL, '0', '2019-10-19'),
(302, 29, 1, 2000, NULL, '0', '2019-10-19'),
(303, 1, 1, 7000, NULL, '0', '2019-10-19'),
(303, 21, 1, 3500, NULL, '3000', '2019-10-19'),
(304, 5, 2, 18000, NULL, '0', '2019-10-19'),
(304, 21, 1, 3500, NULL, '3000', '2019-10-19'),
(305, 2, 2, 16000, NULL, '0', '2019-10-19'),
(305, 7, 1, 10000, NULL, '0', '2019-10-19'),
(306, 7, 1, 10000, NULL, '0', '2019-10-19'),
(307, 2, 2, 16000, NULL, '0', '2019-10-19'),
(308, 1, 2, 14000, NULL, '0', '2019-10-19'),
(308, 5, 1, 9000, NULL, '0', '2019-10-19'),
(309, 4, 2, 18000, NULL, '0', '2019-10-19'),
(309, 2, 1, 8000, NULL, '0', '2019-10-19'),
(310, 2, 1, 8000, NULL, '0', '2019-10-19'),
(311, 1, 1, 7000, NULL, '0', '2019-10-19'),
(311, 7, 1, 10000, NULL, '0', '2019-10-19'),
(312, 12, 1, 10000, NULL, '0', '2019-10-19'),
(312, 17, 1, 2000, NULL, '1200', '2019-10-19'),
(313, 2, 1, 8000, NULL, '0', '2019-10-25'),
(313, 10, 1, 10000, NULL, '0', '2019-10-25'),
(313, 16, 1, 3000, NULL, '1500', '2019-10-25'),
(314, 7, 1, 10000, NULL, '0', '2019-10-25'),
(314, 15, 1, 15000, NULL, '0', '2019-10-25'),
(314, 16, 2, 6000, NULL, '3000', '2019-10-25'),
(314, 20, 3, 9000, NULL, '5400', '2019-10-25'),
(314, 12, 1, 10000, NULL, '0', '2019-10-25'),
(314, 20, 1, 3000, NULL, '1800', '2019-10-25'),
(315, 16, 1, 3000, NULL, '1500', '2019-10-25'),
(315, 7, 1, 10000, NULL, '0', '2019-10-25'),
(315, 12, 1, 10000, NULL, '0', '2019-10-25'),
(316, 1, 1, 7000, NULL, '0', '2019-10-25'),
(317, 5, 1, 9000, NULL, '0', '2019-10-26'),
(318, 1, 1, 7000, NULL, '0', '2019-10-26'),
(319, 5, 1, 9000, NULL, '0', '2019-10-26'),
(320, 1, 1, 7000, NULL, '0', '2019-10-26'),
(321, 1, 1, 7000, NULL, '0', '2019-10-26'),
(321, 2, 1, 8000, NULL, '0', '2019-10-26'),
(322, 7, 1, 10000, NULL, '0', '2019-10-26'),
(323, 5, 1, 9000, NULL, '0', '2019-10-26'),
(324, 7, 1, 10000, NULL, '0', '2019-10-26'),
(325, 7, 1, 10000, NULL, '0', '2019-10-26'),
(326, 1, 1, 7000, NULL, '0', '2019-10-26'),
(327, 3, 1, 8000, NULL, '0', '2019-10-26'),
(327, 5, 1, 9000, NULL, '0', '2019-10-26'),
(328, 7, 1, 10000, NULL, '0', '2019-10-26'),
(328, 25, 1, 1200, NULL, '0', '2019-10-26'),
(329, 1, 2, 14000, NULL, '0', '2019-10-26'),
(330, 12, 1, 10000, NULL, '0', '2019-10-26'),
(330, 1, 1, 7000, NULL, '0', '2019-10-26'),
(331, 7, 1, 10000, NULL, '0', '2019-10-26'),
(332, 1, 1, 7000, NULL, '0', '2019-10-27'),
(332, 2, 1, 8000, NULL, '0', '2019-10-27'),
(333, 2, 2, 16000, NULL, '0', '2019-10-27'),
(334, 2, 1, 8000, NULL, '0', '2019-10-27'),
(334, 16, 1, 3000, NULL, '1500', '2019-10-27'),
(335, 1, 1, 7000, NULL, '0', '2019-10-27'),
(335, 6, 1, 9000, NULL, '0', '2019-10-27'),
(335, 21, 1, 3500, NULL, '3000', '2019-10-27'),
(336, 1, 2, 14000, NULL, '0', '2019-10-27'),
(336, 35, 1, 3500, NULL, '2300', '2019-10-27'),
(337, 1, 3, 21000, NULL, '0', '2019-10-27'),
(337, 35, 1, 3500, NULL, '2300', '2019-10-27'),
(338, 2, 1, 8000, NULL, '0', '2019-11-01'),
(338, 5, 1, 9000, NULL, '0', '2019-11-01'),
(338, 1, 1, 7000, NULL, '0', '2019-11-01'),
(338, 1, 2, 14000, NULL, '0', '2019-11-01'),
(339, 12, 1, 10000, NULL, '0', '2019-11-01'),
(339, 35, 1, 3500, NULL, '2300', '2019-11-01'),
(340, 1, 2, 14000, NULL, '0', '2019-11-01'),
(341, 4, 1, 9000, NULL, '0', '2019-11-03'),
(341, 5, 1, 9000, NULL, '0', '2019-11-03'),
(341, 17, 1, 2000, NULL, '1200', '2019-11-03'),
(341, 2, 1, 8000, NULL, '0', '2019-11-03'),
(341, 2, 1, 8000, NULL, '0', '2019-11-03'),
(341, 7, 1, 10000, NULL, '0', '2019-11-03'),
(341, 5, 1, 9000, NULL, '0', '2019-11-03'),
(341, 35, 1, 3500, NULL, '2300', '2019-11-03'),
(341, 5, 1, 9000, NULL, '0', '2019-11-03'),
(341, 2, 1, 8000, NULL, '0', '2019-11-03'),
(341, 7, 1, 10000, NULL, '0', '2019-11-03'),
(342, 1, 1, 7000, NULL, '0', '2019-11-03'),
(342, 2, 1, 8000, NULL, '0', '2019-11-03'),
(342, 25, 1, 1200, NULL, '0', '2019-11-03'),
(343, 6, 1, 9000, NULL, '0', '2019-11-03'),
(343, 16, 3, 9000, NULL, '4500', '2019-11-03'),
(343, 17, 1, 2000, NULL, '1200', '2019-11-03'),
(344, 1, 2, 14000, NULL, '0', '2019-11-03'),
(344, 2, 2, 16000, NULL, '0', '2019-11-03'),
(344, 3, 2, 16000, NULL, '0', '2019-11-03'),
(344, 5, 1, 9000, NULL, '0', '2019-11-03'),
(344, 35, 2, 7000, NULL, '4600', '2019-11-03'),
(344, 16, 2, 6000, NULL, '3000', '2019-11-03'),
(344, 23, 1, 1000, NULL, '0', '2019-11-03'),
(344, 22, 1, 1000, NULL, '0', '2019-11-03'),
(345, 2, 3, 24000, NULL, '0', '2019-11-03'),
(346, 7, 1, 10000, NULL, '0', '2019-11-03'),
(346, 14, 1, 10000, NULL, '0', '2019-11-03'),
(346, 16, 2, 6000, NULL, '3000', '2019-11-03'),
(347, 11, 1, 11000, NULL, '0', '2019-11-03'),
(347, 16, 1, 3000, NULL, '1500', '2019-11-03'),
(348, 1, 2, 14000, NULL, '0', '2019-11-08'),
(348, 12, 3, 30000, NULL, '0', '2019-11-08'),
(348, 35, 1, 3500, NULL, '2300', '2019-11-08'),
(349, 20, 2, 6000, NULL, '3600', '2019-11-08'),
(349, 2, 1, 8000, NULL, '0', '2019-11-08'),
(349, 10, 1, 10000, NULL, '0', '2019-11-08'),
(350, 5, 1, 9000, NULL, '0', '2019-11-10'),
(350, 1, 1, 7000, NULL, '0', '2019-11-10'),
(351, 1, 1, 7000, NULL, '0', '2019-11-10'),
(351, 2, 1, 8000, NULL, '0', '2019-11-10'),
(351, 29, 1, 2000, NULL, '0', '2019-11-10'),
(351, 17, 2, 4000, NULL, '2400', '2019-11-10'),
(351, 7, 1, 10000, NULL, '0', '2019-11-10'),
(352, 6, 1, 9000, NULL, '0', '2019-11-15'),
(352, 7, 1, 10000, NULL, '0', '2019-11-15'),
(352, 16, 2, 6000, NULL, '3000', '2019-11-15'),
(352, 28, 2, 4000, NULL, '0', '2019-11-15'),
(352, 26, 1, 1500, NULL, '0', '2019-11-15'),
(353, 16, 1, 3000, NULL, '1500', '2019-11-15'),
(354, 2, 1, 8000, NULL, '0', '2019-11-23'),
(354, 7, 1, 10000, NULL, '0', '2019-11-23'),
(355, 7, 1, 10000, NULL, '0', '2019-11-23'),
(356, 12, 1, 10000, NULL, '0', '2019-11-23'),
(356, 12, 1, 10000, NULL, '0', '2019-11-23'),
(357, 1, 1, 7000, NULL, '0', '2019-11-23'),
(358, 1, 1, 7000, NULL, '0', '2019-11-23'),
(358, 7, 1, 10000, NULL, '0', '2019-11-23'),
(358, 1, 1, 7000, NULL, '0', '2019-11-23'),
(359, 2, 1, 8000, NULL, '0', '2019-11-23'),
(359, 7, 3, 30000, NULL, '0', '2019-11-23'),
(359, 35, 1, 3500, NULL, '2300', '2019-11-23'),
(359, 3, 1, 8000, NULL, '0', '2019-11-23'),
(360, 4, 1, 9000, NULL, '0', '2019-11-23'),
(360, 2, 1, 8000, NULL, '0', '2019-11-23'),
(360, 35, 1, 3500, NULL, '2300', '2019-11-23'),
(361, 1, 2, 14000, NULL, '0', '2019-11-29'),
(361, 3, 1, 8000, NULL, '0', '2019-11-29'),
(361, 7, 1, 10000, NULL, '0', '2019-11-29'),
(361, 5, 1, 9000, NULL, '0', '2019-11-29'),
(361, 5, 1, 9000, NULL, '0', '2019-11-29'),
(362, 2, 1, 8000, NULL, '0', '2019-11-29'),
(362, 2, 1, 8000, NULL, '0', '2019-11-29'),
(362, 35, 2, 7000, NULL, '4600', '2019-11-29'),
(362, 5, 1, 9000, NULL, '0', '2019-11-29'),
(363, 5, 1, 9000, NULL, '0', '2019-11-29'),
(364, 12, 3, 30000, NULL, '0', '2019-11-29'),
(365, 7, 1, 10000, NULL, '0', '2019-11-29'),
(366, 1, 3, 21000, NULL, '0', '2019-12-01'),
(366, 2, 1, 8000, NULL, '0', '2019-12-01'),
(366, 5, 1, 9000, NULL, '0', '2019-12-01'),
(367, 1, 1, 7000, NULL, '0', '2019-12-01'),
(367, 4, 1, 9000, NULL, '0', '2019-12-01'),
(368, 1, 2, 14000, NULL, '0', '2019-12-01'),
(368, 2, 1, 8000, NULL, '0', '2019-12-01'),
(368, 5, 1, 9000, NULL, '0', '2019-12-01'),
(369, 5, 1, 9000, NULL, '0', '2019-12-01'),
(370, 5, 1, 9000, NULL, '0', '2019-12-01'),
(370, 13, 1, 15000, NULL, '0', '2019-12-01'),
(371, 2, 1, 8000, NULL, '0', '2019-12-07'),
(371, 1, 1, 7000, NULL, '0', '2019-12-07'),
(372, 1, 4, 28000, NULL, '0', '2019-12-06'),
(372, 7, 1, 10000, NULL, '0', '2019-12-06'),
(372, 2, 1, 8000, NULL, '0', '2019-12-06'),
(373, 1, 1, 7000, NULL, '0', '2019-12-07'),
(373, 2, 1, 8000, NULL, '0', '2019-12-07'),
(374, 1, 1, 7000, NULL, '0', '2019-12-07'),
(375, 1, 1, 7000, NULL, '0', '2019-12-07'),
(375, 2, 2, 16000, NULL, '0', '2019-12-07'),
(375, 1, 1, 7000, NULL, '0', '2019-12-07'),
(376, 4, 1, 9000, NULL, '0', '2019-12-07'),
(376, 5, 1, 9000, NULL, '0', '2019-12-07'),
(377, 7, 2, 20000, NULL, '0', '2019-12-07'),
(377, 5, 1, 9000, NULL, '0', '2019-12-07'),
(377, 2, 1, 8000, NULL, '0', '2019-12-07'),
(377, 35, 1, 3500, NULL, '2300', '2019-12-07'),
(378, 5, 1, 9000, NULL, '0', '2019-12-08'),
(378, 2, 1, 8000, NULL, '0', '2019-12-08'),
(379, 7, 2, 20000, NULL, '0', '2019-12-08'),
(379, 5, 1, 9000, NULL, '0', '2019-12-08'),
(379, 4, 1, 9000, NULL, '0', '2019-12-08'),
(379, 12, 1, 10000, NULL, '0', '2019-12-08'),
(379, 5, 1, 9000, NULL, '0', '2019-12-08'),
(379, 17, 1, 2000, NULL, '1200', '2019-12-08'),
(380, 8, 1, 13000, NULL, '0', '2019-12-08'),
(380, 2, 1, 8000, NULL, '0', '2019-12-08'),
(380, 24, 1, 1000, NULL, '0', '2019-12-08'),
(380, 16, 1, 3000, NULL, '1500', '2019-12-08'),
(380, 17, 1, 2000, NULL, '1200', '2019-12-08'),
(380, 16, 1, 3000, NULL, '1500', '2019-12-08'),
(381, 2, 1, 8000, NULL, '0', '2019-12-08'),
(381, 7, 1, 10000, NULL, '0', '2019-12-08'),
(381, 17, 1, 2000, NULL, '1200', '2019-12-08'),
(382, 1, 3, 21000, NULL, '0', '2019-12-08'),
(382, 2, 2, 16000, NULL, '0', '2019-12-08'),
(382, 35, 1, 3500, NULL, '2300', '2019-12-08'),
(383, 1, 7, 49000, NULL, '0', '2019-12-08'),
(384, 35, 2, 7000, NULL, '4600', '2019-12-08'),
(385, 35, 1, 3500, NULL, '2300', '2019-12-08'),
(386, 7, 1, 10000, NULL, '0', '2019-12-08'),
(386, 5, 1, 9000, NULL, '0', '2019-12-08'),
(386, 7, 1, 10000, NULL, '0', '2019-12-08'),
(386, 6, 1, 9000, NULL, '0', '2019-12-08'),
(387, 16, 1, 3000, NULL, '1500', '2019-12-08'),
(387, 16, 1, 3000, NULL, '1500', '2019-12-08'),
(388, 5, 1, 9000, NULL, '0', '2019-12-08'),
(388, 2, 1, 8000, NULL, '0', '2019-12-08'),
(389, 2, 1, 8000, NULL, '0', '2019-12-13'),
(389, 1, 2, 14000, NULL, '0', '2019-12-13'),
(389, 35, 1, 3500, NULL, '2300', '2019-12-13'),
(389, 1, 1, 7000, NULL, '0', '2019-12-13'),
(389, 12, 1, 10000, NULL, '0', '2019-12-13'),
(390, 2, 2, 16000, NULL, '0', '2019-12-14'),
(390, 1, 2, 14000, NULL, '0', '2019-12-14'),
(391, 1, 1, 7000, NULL, '0', '2019-12-14'),
(391, 4, 1, 9000, NULL, '0', '2019-12-14'),
(391, 2, 2, 16000, NULL, '0', '2019-12-14'),
(391, 2, 1, 8000, NULL, '0', '2019-12-14'),
(392, 3, 1, 8000, NULL, '0', '2019-12-14'),
(392, 17, 1, 2000, NULL, '1200', '2019-12-14'),
(393, 3, 1, 8000, NULL, '0', '2019-12-14'),
(394, 7, 1, 10000, NULL, '0', '2019-12-14'),
(394, 7, 1, 10000, NULL, '0', '2019-12-14'),
(395, 1, 1, 7000, NULL, '0', '2019-12-14'),
(395, 5, 1, 9000, NULL, '0', '2019-12-14'),
(395, 2, 1, 8000, NULL, '0', '2019-12-14'),
(396, 1, 1, 7000, NULL, '0', '2019-12-14'),
(397, 12, 1, 10000, NULL, '0', '2019-12-14'),
(397, 16, 1, 3000, NULL, '1500', '2019-12-14'),
(398, 5, 1, 9000, NULL, '0', '2019-12-14'),
(399, 1, 2, 14000, NULL, '0', '2019-12-14'),
(399, 17, 2, 4000, NULL, '2400', '2019-12-14'),
(400, 2, 1, 8000, NULL, '0', '2019-12-14'),
(400, 1, 1, 7000, NULL, '0', '2019-12-14'),
(400, 21, 1, 3500, NULL, '3000', '2019-12-14'),
(400, 1, 1, 7000, NULL, '0', '2019-12-14'),
(400, 3, 1, 8000, NULL, '0', '2019-12-14'),
(400, 2, 1, 8000, NULL, '0', '2019-12-14'),
(400, 2, 1, 8000, NULL, '0', '2019-12-14'),
(400, 1, 1, 7000, NULL, '0', '2019-12-14'),
(401, 3, 1, 8000, NULL, '0', '2019-12-15'),
(401, 1, 1, 7000, NULL, '0', '2019-12-15'),
(401, 27, 1, 2000, NULL, '0', '2019-12-15'),
(402, 21, 1, 3500, NULL, '3000', '2019-12-15'),
(402, 7, 1, 10000, NULL, '0', '2019-12-15'),
(402, 7, 2, 20000, NULL, '0', '2019-12-15'),
(403, 12, 2, 20000, NULL, '0', '2019-12-15'),
(404, 4, 1, 9000, NULL, '0', '2019-12-15'),
(404, 16, 2, 6000, NULL, '3000', '2019-12-15'),
(405, 1, 1, 7000, NULL, '0', '2019-12-14'),
(405, 5, 1, 9000, NULL, '0', '2019-12-14'),
(405, 21, 1, 3500, NULL, '3000', '2019-12-14'),
(406, 1, 1, 7000, NULL, '0', '2019-12-15'),
(407, 5, 1, 9000, NULL, '0', '2019-12-15'),
(407, 1, 1, 7000, NULL, '0', '2019-12-15'),
(408, 2, 1, 8000, NULL, '0', '2019-12-15'),
(408, 5, 1, 9000, NULL, '0', '2019-12-15'),
(408, 13, 1, 15000, NULL, '0', '2019-12-15'),
(408, 17, 1, 2000, NULL, '1200', '2019-12-15'),
(409, 7, 2, 20000, NULL, '0', '2019-12-15'),
(409, 5, 1, 9000, NULL, '0', '2019-12-15'),
(409, 2, 2, 16000, NULL, '0', '2019-12-15'),
(410, 1, 1, 7000, NULL, '0', '2019-12-15'),
(411, 1, 2, 14000, NULL, '0', '2019-12-15'),
(411, 2, 1, 8000, NULL, '0', '2019-12-15'),
(412, 1, 1, 7000, NULL, '0', '2019-12-15'),
(412, 21, 1, 3500, NULL, '3000', '2019-12-15'),
(412, 2, 1, 8000, NULL, '0', '2019-12-15'),
(412, 1, 1, 7000, NULL, '0', '2019-12-15'),
(412, 35, 1, 3500, NULL, '2300', '2019-12-15'),
(413, 1, 2, 14000, NULL, '0', '2019-12-15'),
(413, 35, 1, 3500, NULL, '2300', '2019-12-15'),
(414, 2, 1, 8000, NULL, '0', '2019-12-15'),
(415, 1, 3, 21000, NULL, '0', '2019-12-15'),
(416, 1, 1, 7000, NULL, '0', '2019-12-20'),
(416, 2, 2, 16000, NULL, '0', '2019-12-20'),
(416, 5, 2, 18000, NULL, '0', '2019-12-20'),
(416, 14, 1, 10000, NULL, '0', '2019-12-20'),
(416, 4, 1, 9000, NULL, '0', '2019-12-20'),
(416, 9, 1, 8000, NULL, '0', '2019-12-20'),
(417, 4, 1, 9000, NULL, '0', '2019-12-20'),
(417, 7, 1, 10000, NULL, '0', '2019-12-20'),
(417, 16, 1, 3000, NULL, '1500', '2019-12-20'),
(418, 1, 1, 7000, NULL, '0', '2019-12-20'),
(418, 5, 1, 9000, NULL, '0', '2019-12-20'),
(419, 3, 1, 8000, NULL, '0', '2019-12-20'),
(420, 7, 1, 10000, NULL, '0', '2019-12-20'),
(421, 2, 1, 8000, NULL, '0', '2019-12-21'),
(421, 5, 3, 27000, NULL, '0', '2019-12-21'),
(421, 1, 1, 7000, NULL, '0', '2019-12-21'),
(421, 21, 1, 3500, NULL, '3000', '2019-12-21'),
(422, 1, 1, 7000, NULL, '0', '2019-12-21'),
(422, 1, 5, 35000, NULL, '0', '2019-12-21'),
(422, 21, 1, 3500, NULL, '3000', '2019-12-21'),
(422, 21, 1, 3500, NULL, '3000', '2019-12-21'),
(422, 1, 2, 14000, NULL, '0', '2019-12-21'),
(422, 12, 1, 10000, NULL, '0', '2019-12-21'),
(423, 1, 1, 7000, NULL, '0', '2019-12-21'),
(423, 2, 1, 8000, NULL, '0', '2019-12-21'),
(423, 21, 1, 3500, NULL, '3000', '2019-12-21'),
(424, 21, 1, 3500, NULL, '3000', '2019-12-21'),
(424, 7, 1, 10000, NULL, '0', '2019-12-21'),
(424, 2, 1, 8000, NULL, '0', '2019-12-21'),
(424, 25, 1, 1200, NULL, '0', '2019-12-21'),
(425, 1, 1, 7000, NULL, '0', '2019-12-21'),
(425, 5, 1, 9000, NULL, '0', '2019-12-21'),
(426, 8, 2, 26000, NULL, '0', '2019-12-21'),
(426, 16, 1, 3000, NULL, '1500', '2019-12-21'),
(427, 4, 1, 9000, NULL, '0', '2019-12-21'),
(427, 10, 1, 10000, NULL, '0', '2019-12-21'),
(427, 12, 1, 10000, NULL, '0', '2019-12-21'),
(427, 17, 2, 4000, NULL, '2400', '2019-12-21'),
(427, 16, 1, 3000, NULL, '1500', '2019-12-21'),
(428, 1, 1, 7000, NULL, '0', '2019-12-21'),
(428, 2, 2, 16000, NULL, '0', '2019-12-21'),
(429, 7, 1, 10000, NULL, '0', '2019-12-22'),
(429, 2, 1, 8000, NULL, '0', '2019-12-22'),
(429, 5, 1, 9000, NULL, '0', '2019-12-22'),
(429, 7, 1, 10000, NULL, '0', '2019-12-22'),
(429, 1, 1, 7000, NULL, '0', '2019-12-22'),
(429, 2, 1, 8000, NULL, '0', '2019-12-22'),
(429, 10, 4, 40000, NULL, '0', '2019-12-22'),
(430, 6, 1, 9000, NULL, '0', '2019-12-22'),
(430, 35, 1, 3500, NULL, '2300', '2019-12-22'),
(430, 7, 1, 10000, NULL, '0', '2019-12-22'),
(430, 5, 1, 9000, NULL, '0', '2019-12-22'),
(431, 7, 2, 20000, NULL, '0', '2019-12-22'),
(431, 16, 2, 6000, NULL, '3000', '2019-12-22'),
(431, 19, 1, 2500, NULL, '1200', '2019-12-22'),
(432, 10, 1, 10000, NULL, '0', '2019-12-22'),
(432, 1, 1, 7000, NULL, '0', '2019-12-22'),
(432, 21, 1, 3500, NULL, '3000', '2019-12-22'),
(432, 2, 1, 8000, NULL, '0', '2019-12-22'),
(433, 16, 1, 3000, NULL, '1500', '2019-12-22'),
(433, 1, 1, 7000, NULL, '0', '2019-12-22'),
(434, 7, 1, 10000, NULL, '0', '2019-12-22'),
(434, 17, 2, 4000, NULL, '2400', '2019-12-22'),
(435, 1, 3, 21000, NULL, '0', '2019-12-27'),
(435, 2, 1, 8000, NULL, '0', '2019-12-27'),
(435, 1, 2, 14000, NULL, '0', '2019-12-27'),
(436, 2, 1, 8000, NULL, '0', '2019-12-27'),
(436, 5, 1, 9000, NULL, '0', '2019-12-27'),
(436, 1, 1, 7000, NULL, '0', '2019-12-27'),
(437, 2, 2, 16000, NULL, '0', '2019-12-27'),
(437, 7, 1, 10000, NULL, '0', '2019-12-27'),
(438, 2, 1, 8000, NULL, '0', '2019-12-27'),
(439, 2, 1, 8000, NULL, '0', '2019-12-27'),
(439, 23, 1, 1000, NULL, '0', '2019-12-27'),
(440, 2, 2, 16000, NULL, '0', '2019-12-27'),
(441, 7, 1, 10000, NULL, '0', '2019-12-27'),
(441, 21, 1, 3500, NULL, '3000', '2019-12-27'),
(441, 2, 1, 8000, NULL, '0', '2019-12-27'),
(442, 7, 1, 10000, NULL, '0', '2019-12-27'),
(443, 4, 1, 9000, NULL, '0', '2019-12-27'),
(444, 7, 1, 10000, NULL, '0', '2019-12-27'),
(445, 2, 1, 8000, NULL, '0', '2019-12-28'),
(445, 1, 1, 7000, NULL, '0', '2019-12-28'),
(446, 1, 1, 7000, NULL, '0', '2019-12-28'),
(446, 7, 1, 10000, NULL, '0', '2019-12-28'),
(447, 10, 1, 10000, NULL, '0', '2019-12-28'),
(447, 16, 1, 3000, NULL, '1500', '2019-12-28'),
(447, 26, 1, 1500, NULL, '0', '2019-12-28'),
(447, 13, 1, 15000, NULL, '0', '2019-12-28'),
(447, 16, 1, 3000, NULL, '1500', '2019-12-28'),
(448, 7, 1, 10000, NULL, '0', '2019-12-28'),
(449, 16, 2, 6000, NULL, '3000', '2019-12-28'),
(449, 5, 1, 9000, NULL, '0', '2019-12-28'),
(450, 7, 1, 10000, NULL, '0', '2019-12-28'),
(451, 1, 1, 7000, NULL, '0', '2019-12-28'),
(452, 1, 1, 7000, NULL, '0', '2019-12-28'),
(452, 2, 2, 16000, NULL, '0', '2019-12-28'),
(453, 1, 1, 7000, NULL, '0', '2019-12-28'),
(453, 4, 1, 9000, NULL, '0', '2019-12-28'),
(453, 7, 1, 10000, NULL, '0', '2019-12-28'),
(453, 5, 1, 9000, NULL, '0', '2019-12-28'),
(453, 21, 1, 3500, NULL, '3000', '2019-12-28'),
(454, 1, 1, 7000, NULL, '0', '2019-12-28'),
(454, 16, 1, 3000, NULL, '1500', '2019-12-28'),
(455, 2, 1, 8000, NULL, '0', '2019-12-28'),
(455, 1, 1, 7000, NULL, '0', '2019-12-28'),
(455, 1, 1, 7000, NULL, '0', '2019-12-28'),
(455, 2, 1, 8000, NULL, '0', '2019-12-28'),
(455, 1, 1, 7000, NULL, '0', '2019-12-28'),
(455, 7, 1, 10000, NULL, '0', '2019-12-28'),
(455, 21, 1, 3500, NULL, '3000', '2019-12-28'),
(456, 1, 1, 7000, NULL, '0', '2019-12-28'),
(456, 16, 1, 3000, NULL, '1500', '2019-12-28'),
(457, 1, 4, 28000, NULL, '0', '2020-01-03'),
(457, 35, 1, 3500, NULL, '2300', '2020-01-03'),
(457, 23, 1, 1000, NULL, '0', '2020-01-03'),
(457, 35, 1, 3500, NULL, '2300', '2020-01-03'),
(458, 2, 1, 8000, NULL, '0', '2020-01-03'),
(458, 4, 1, 9000, NULL, '0', '2020-01-03'),
(458, 3, 1, 8000, NULL, '0', '2020-01-03'),
(459, 5, 1, 9000, NULL, '0', '2020-01-04'),
(460, 2, 1, 8000, NULL, '0', '2020-01-04'),
(460, 16, 2, 6000, NULL, '3000', '2020-01-04'),
(461, 1, 1, 7000, NULL, '0', '2020-01-04'),
(461, 13, 1, 15000, NULL, '0', '2020-01-04'),
(461, 19, 1, 2500, NULL, '1200', '2020-01-04'),
(461, 21, 1, 3500, NULL, '3000', '2020-01-04'),
(462, 2, 1, 8000, NULL, '0', '2020-01-04'),
(462, 13, 1, 15000, NULL, '0', '2020-01-04'),
(462, 26, 1, 1500, NULL, '0', '2020-01-04'),
(462, 16, 1, 3000, NULL, '1500', '2020-01-04'),
(463, 1, 1, 7000, NULL, '0', '2020-01-04'),
(463, 7, 1, 10000, NULL, '0', '2020-01-04'),
(463, 21, 1, 3500, NULL, '3000', '2020-01-04'),
(464, 5, 1, 9000, NULL, '0', '2020-01-04'),
(464, 7, 1, 10000, NULL, '0', '2020-01-04'),
(464, 13, 1, 15000, NULL, '0', '2020-01-04'),
(464, 16, 2, 6000, NULL, '3000', '2020-01-04'),
(464, 1, 1, 7000, NULL, '0', '2020-01-04'),
(464, 29, 1, 2000, NULL, '0', '2020-01-04'),
(465, 1, 2, 14000, NULL, '0', '2020-01-04'),
(465, 13, 1, 15000, NULL, '0', '2020-01-04'),
(465, 17, 1, 2000, NULL, '1200', '2020-01-04'),
(465, 16, 1, 3000, NULL, '1500', '2020-01-04'),
(466, 1, 1, 7000, NULL, '0', '2020-01-04'),
(466, 7, 1, 10000, NULL, '0', '2020-01-04'),
(466, 17, 1, 2000, NULL, '1200', '2020-01-04'),
(467, 2, 1, 8000, NULL, '0', '2020-01-04'),
(467, 29, 1, 2000, NULL, '0', '2020-01-04'),
(468, 2, 1, 8000, NULL, '0', '2020-01-04'),
(468, 17, 1, 2000, NULL, '1200', '2020-01-04'),
(468, 16, 1, 3000, NULL, '1500', '2020-01-04'),
(469, 3, 1, 8000, NULL, '0', '2020-01-04'),
(469, 21, 1, 3500, NULL, '3000', '2020-01-04'),
(470, 5, 1, 9000, NULL, '0', '2020-01-04'),
(470, 25, 1, 1200, NULL, '0', '2020-01-04'),
(470, 7, 1, 10000, NULL, '0', '2020-01-04'),
(470, 5, 1, 9000, NULL, '0', '2020-01-04'),
(470, 1, 1, 7000, NULL, '0', '2020-01-04'),
(470, 3, 1, 8000, NULL, '0', '2020-01-04'),
(470, 4, 1, 9000, NULL, '0', '2020-01-04'),
(470, 2, 1, 8000, NULL, '0', '2020-01-04'),
(470, 1, 1, 7000, NULL, '0', '2020-01-04'),
(470, 1, 1, 7000, NULL, '0', '2020-01-04'),
(470, 2, 1, 8000, NULL, '0', '2020-01-04'),
(470, 7, 1, 10000, NULL, '0', '2020-01-04'),
(470, 7, 1, 10000, NULL, '0', '2020-01-04'),
(470, 4, 1, 9000, NULL, '0', '2020-01-04'),
(470, 5, 1, 9000, NULL, '0', '2020-01-04'),
(470, 4, 1, 9000, NULL, '0', '2020-01-04'),
(470, 4, 1, 9000, NULL, '0', '2020-01-04'),
(470, 4, 1, 9000, NULL, '0', '2020-01-04'),
(471, 1, 1, 7000, NULL, '0', '2020-01-05'),
(471, 5, 1, 9000, NULL, '0', '2020-01-05'),
(472, 1, 1, 7000, NULL, '0', '2020-01-05'),
(472, 1, 1, 7000, NULL, '0', '2020-01-05'),
(472, 2, 1, 8000, NULL, '0', '2020-01-05'),
(472, 13, 1, 15000, NULL, '0', '2020-01-05'),
(473, 2, 1, 8000, NULL, '0', '2020-01-05'),
(473, 2, 1, 8000, NULL, '0', '2020-01-05'),
(473, 7, 1, 10000, NULL, '0', '2020-01-05'),
(473, 2, 1, 8000, NULL, '0', '2020-01-05'),
(473, 1, 2, 14000, NULL, '0', '2020-01-05'),
(473, 4, 1, 9000, NULL, '0', '2020-01-05'),
(473, 2, 1, 8000, NULL, '0', '2020-01-05'),
(473, 1, 1, 7000, NULL, '0', '2020-01-05'),
(473, 12, 1, 10000, NULL, '0', '2020-01-05'),
(473, 2, 1, 8000, NULL, '0', '2020-01-05'),
(473, 21, 2, 7000, NULL, '6000', '2020-01-05'),
(474, 2, 2, 16000, NULL, '0', '2020-01-05'),
(474, 7, 1, 10000, NULL, '0', '2020-01-05'),
(474, 3, 1, 8000, NULL, '0', '2020-01-05'),
(475, 2, 2, 16000, NULL, '0', '2020-01-05'),
(475, 21, 1, 3500, NULL, '3000', '2020-01-05'),
(476, 7, 2, 20000, NULL, '0', '2020-01-05'),
(476, 21, 1, 3500, NULL, '3000', '2020-01-05'),
(477, 3, 1, 8000, NULL, '0', '2020-01-05'),
(477, 16, 3, 9000, NULL, '4500', '2020-01-05'),
(478, 1, 1, 7000, NULL, '0', '2020-01-05'),
(479, 1, 1, 7000, NULL, '0', '2020-01-05'),
(479, 2, 1, 8000, NULL, '0', '2020-01-05'),
(479, 7, 1, 10000, NULL, '0', '2020-01-05'),
(480, 12, 2, 20000, NULL, '0', '2020-01-05'),
(480, 1, 1, 7000, NULL, '0', '2020-01-05'),
(480, 2, 1, 8000, NULL, '0', '2020-01-05');

-- --------------------------------------------------------

--
-- Estructura de tabla para la tabla `detallescompras`
--

CREATE TABLE `detallescompras` (
  `cantidad` varchar(20) NOT NULL,
  `valorunidad` varchar(20) NOT NULL,
  `valortotalproductos` varchar(20) NOT NULL,
  `codproductos` int(11) NOT NULL,
  `codcompras` int(11) NOT NULL
) ENGINE=InnoDB DEFAULT CHARSET=latin1;

-- --------------------------------------------------------

--
-- Estructura de tabla para la tabla `detallesubpedido`
--

CREATE TABLE `detallesubpedido` (
  `idsubpedido` int(11) NOT NULL,
  `codplato` int(11) NOT NULL,
  `cantidadplatos` int(11) NOT NULL,
  `subtotal` int(11) NOT NULL,
  `observacionesplato` text,
  `idfactura` int(11) NOT NULL,
  `estado` varchar(2) NOT NULL,
  `subcosto` varchar(20) NOT NULL,
  `fechapedido` date NOT NULL
) ENGINE=InnoDB DEFAULT CHARSET=latin1;

-- --------------------------------------------------------

--
-- Estructura de tabla para la tabla `editardetallefactura`
--

CREATE TABLE `editardetallefactura` (
  `idfactura` int(11) NOT NULL,
  `codplato` int(11) NOT NULL,
  `cantidadplatos` int(11) NOT NULL,
  `subtotal` int(11) NOT NULL,
  `observacionesplato` text,
  `subcosto` varchar(20) NOT NULL,
  `fechapedido` date NOT NULL
) ENGINE=InnoDB DEFAULT CHARSET=latin1;

-- --------------------------------------------------------

--
-- Estructura de tabla para la tabla `factura`
--

CREATE TABLE `factura` (
  `idfactura` int(11) NOT NULL,
  `idsubpedido` int(11) NOT NULL,
  `totalpedido` int(11) NOT NULL,
  `fechapedido` date NOT NULL,
  `horapedido` time NOT NULL,
  `observaciones` text,
  `idcc` varchar(20) NOT NULL,
  `mesa` int(11) NOT NULL,
  `costo` varchar(20) NOT NULL
) ENGINE=InnoDB DEFAULT CHARSET=latin1;

--
-- Volcado de datos para la tabla `factura`
--

INSERT INTO `factura` (`idfactura`, `idsubpedido`, `totalpedido`, `fechapedido`, `horapedido`, `observaciones`, `idcc`, `mesa`, `costo`) VALUES
(2, 1, 25000, '2019-08-16', '08:01:00', NULL, '1', 1, '0'),
(3, 1, 41700, '2019-08-16', '08:15:00', NULL, '1', 2, '0'),
(4, 4, 17000, '2019-08-16', '09:42:00', NULL, '1', 6, '0'),
(5, 2, 9000, '2019-08-16', '09:43:00', NULL, '1', 4, '0'),
(6, 1, 16000, '2019-08-16', '09:50:00', NULL, '1', 3, '0'),
(7, 3, 51500, '2019-08-16', '10:09:00', NULL, '1', 5, '0'),
(8, 2, 16000, '2019-08-17', '07:33:00', NULL, '1', 1, '0'),
(9, 1, 13000, '2019-08-17', '07:34:00', NULL, '1', 2, '0'),
(10, 1, 8000, '2019-08-17', '07:36:00', NULL, '1', 1, '0'),
(11, 2, 10000, '2019-08-17', '07:45:00', NULL, '1', 2, '0'),
(12, 1, 18000, '2019-08-17', '07:51:00', NULL, '1', 1, '0'),
(13, 1, 7000, '2019-08-17', '08:05:00', NULL, '1', 2, '0'),
(14, 1, 14000, '2019-08-17', '08:12:00', NULL, '1', 1, '0'),
(15, 2, 9000, '2019-08-17', '08:46:00', NULL, '1', 5, '0'),
(16, 2, 8000, '2019-08-17', '08:52:00', NULL, '1', 5, '0'),
(17, 2, 48500, '2019-08-17', '09:15:00', NULL, '1', 1, '0'),
(18, 3, 21000, '2019-08-17', '09:59:00', NULL, '1', 2, '0'),
(19, 2, 13000, '2019-08-17', '11:12:00', NULL, '1', 1, '0'),
(20, 1, 18000, '2019-08-17', '11:13:00', NULL, '1', 6, '0'),
(21, 1, 16000, '2019-08-18', '06:32:00', NULL, '1', 1, '0'),
(22, 1, 7000, '2019-08-18', '07:17:00', NULL, '1', 1, '0'),
(23, 3, 7000, '2019-08-18', '07:42:00', NULL, '1', 30, '0'),
(24, 1, 9000, '2019-08-18', '07:53:00', NULL, '1', 25, '0'),
(25, 3, 7000, '2019-08-18', '07:53:00', NULL, '1', 1, '0'),
(26, 2, 10000, '2019-08-18', '07:55:00', NULL, '1', 4, '0'),
(27, 1, 16000, '2019-08-18', '08:15:00', NULL, '1', 50, '0'),
(28, 3, 7000, '2019-08-18', '08:17:00', NULL, '1', 9, '0'),
(29, 3, 7000, '2019-08-18', '08:24:00', NULL, '1', 4, '0'),
(30, 3, 7000, '2019-08-18', '08:26:00', NULL, '1', 1, '0'),
(31, 3, 12000, '2019-08-18', '08:49:00', NULL, '1', 4, '0'),
(32, 2, 30500, '2019-08-18', '08:51:00', NULL, '1', 23, '0'),
(33, 1, 10000, '2019-08-18', '09:20:00', NULL, '1', 1, '0'),
(34, 1, 9000, '2019-08-18', '09:52:00', NULL, '1', 2, '0'),
(35, 2, 7000, '2019-08-18', '09:53:00', NULL, '1', 7, '0'),
(36, 1, 19000, '2019-08-18', '10:15:00', NULL, '1', 71, '0'),
(37, 2, 13500, '2019-08-19', '07:21:00', NULL, '1', 2, '0'),
(38, 1, 30500, '2019-08-19', '07:21:00', NULL, '1', 1, '0'),
(39, 5, 9000, '2019-08-19', '07:47:00', NULL, '1', 6, '0'),
(40, 5, 16000, '2019-08-19', '07:50:00', NULL, '1', 7, '0'),
(41, 4, 29000, '2019-08-19', '07:53:00', NULL, '1', 4, '0'),
(42, 3, 20000, '2019-08-19', '07:55:00', NULL, '1', 3, '0'),
(43, 1, 10000, '2019-08-19', '07:57:00', NULL, '1', 1, '0'),
(44, 1, 8000, '2019-08-19', '08:04:00', NULL, '1', 1, '0'),
(45, 1, 9000, '2019-08-19', '09:07:00', NULL, '1', 9, '0'),
(46, 1, 12500, '2019-08-19', '09:24:00', NULL, '1', 11, '0'),
(47, 1, 14000, '2019-08-19', '09:24:00', NULL, '1', 2, '0'),
(48, 1, 11000, '2019-08-19', '09:27:00', NULL, '1', 2, '1800'),
(49, 1, 3000, '2019-08-19', '10:12:00', NULL, '1', 12, '1800'),
(50, 1, 17000, '2019-08-19', '10:44:00', NULL, '1', 13, '0'),
(51, 1, 3500, '2019-08-19', '10:58:00', NULL, '1', 16, '0'),
(52, 9, 17000, '2019-08-23', '09:38:00', NULL, '1', 9, '0'),
(53, 9, 31500, '2019-08-23', '09:58:00', NULL, '1', 10, '0'),
(54, 8, 7000, '2019-08-23', '10:54:00', NULL, '1', 8, '0'),
(55, 7, 7000, '2019-08-23', '10:54:00', NULL, '1', 7, '0'),
(56, 6, 15000, '2019-08-23', '10:54:00', NULL, '1', 6, '0'),
(57, 5, 8000, '2019-08-23', '10:54:00', NULL, '1', 5, '0'),
(58, 4, 8000, '2019-08-23', '10:54:00', NULL, '1', 4, '0'),
(59, 3, 11500, '2019-08-23', '10:55:00', NULL, '1', 3, '0'),
(60, 2, 24000, '2019-08-23', '10:55:00', NULL, '1', 2, '0'),
(61, 1, 7000, '2019-08-23', '10:55:00', NULL, '1', 1, '0'),
(62, 7, 20200, '2019-08-24', '08:21:00', NULL, '1', 7, '0'),
(63, 6, 9000, '2019-08-24', '08:21:00', NULL, '1', 6, '0'),
(64, 5, 18200, '2019-08-24', '08:22:00', NULL, '1', 5, '0'),
(65, 4, 9000, '2019-08-24', '08:22:00', NULL, '1', 4, '0'),
(66, 4, 0, '2019-08-24', '08:22:00', NULL, '', 0, '0'),
(67, 3, 10000, '2019-08-24', '08:22:00', NULL, '1', 3, '0'),
(68, 3, 0, '2019-08-24', '08:22:00', NULL, '', 0, '0'),
(69, 2, 30000, '2019-08-24', '08:22:00', NULL, '1', 2, '0'),
(70, 1, 8000, '2019-08-24', '08:22:00', NULL, '1', 1, '0'),
(71, 3, 18000, '2019-08-24', '08:50:00', NULL, '1', 3, '0'),
(72, 2, 21500, '2019-08-24', '08:58:00', NULL, '1', 2, '0'),
(73, 1, 9000, '2019-08-24', '09:06:00', NULL, '1', 1, '0'),
(74, 6, 16000, '2019-08-24', '09:23:00', NULL, '1', 5, '0'),
(75, 4, 31500, '2019-08-24', '09:28:00', NULL, '1', 4, '0'),
(76, 5, 21000, '2019-08-24', '09:34:00', NULL, '1', 3, '0'),
(77, 1, 9000, '2019-08-24', '09:44:00', NULL, '1', 4, '0'),
(78, 1, 7000, '2019-08-25', '07:10:00', NULL, '1', 4, '0'),
(79, 3, 8000, '2019-08-25', '07:10:00', NULL, '1', 2, '0'),
(80, 4, 19000, '2019-08-25', '07:10:00', NULL, '1', 3, '0'),
(81, 6, 10000, '2019-08-25', '08:03:00', NULL, '1', 6, '0'),
(82, 7, 8000, '2019-08-25', '08:03:00', NULL, '1', 9, '0'),
(83, 5, 168000, '2019-08-25', '08:20:00', NULL, '1', 5, '0'),
(84, 1, 8000, '2019-08-25', '08:33:00', NULL, '1', 10, '0'),
(85, 3, 14000, '2019-08-25', '08:34:00', NULL, '1', 13, '0'),
(86, 5, 7000, '2019-08-25', '08:34:00', NULL, '1', 15, '0'),
(87, 4, 17000, '2019-08-25', '08:43:00', NULL, '1', 14, '0'),
(88, 5, 9000, '2019-08-25', '09:10:00', NULL, '1', 16, '0'),
(89, 2, 31000, '2019-08-25', '09:11:00', NULL, '1', 12, '4800'),
(90, 7, 14000, '2019-08-25', '09:12:00', NULL, '1', 19, '0'),
(91, 6, 29000, '2019-08-25', '09:16:00', NULL, '1', 17, '3000'),
(92, 1, 3000, '2019-08-25', '09:19:00', NULL, '1', 0, '1500'),
(93, 1, 51000, '2019-08-30', '06:38:00', NULL, '1', 1, '1200'),
(94, 1, 36000, '2019-08-30', '08:15:00', NULL, '1', 2, '0'),
(95, 1, 7000, '2019-08-30', '08:59:00', NULL, '1', 3, '0'),
(96, 1, 18000, '2019-08-30', '09:08:00', NULL, '1', 4, '0'),
(97, 1, 9000, '2019-08-30', '09:10:00', NULL, '1', 4, '0'),
(98, 1, 8000, '2019-08-30', '09:11:00', NULL, '1', 4, '0'),
(99, 1, 10000, '2019-08-30', '09:56:00', NULL, '1', 4, '0'),
(100, 2, 18000, '2019-08-30', '10:41:00', NULL, '1', 7, '1500'),
(101, 1, 23000, '2019-08-30', '10:54:00', NULL, '1', 5, '6000'),
(102, 2, 43500, '2019-08-30', '11:25:00', NULL, '1', 6, '3800'),
(103, 2, 9000, '2019-08-31', '07:05:00', NULL, '1', 2, '0'),
(104, 1, 8000, '2019-08-31', '07:05:00', NULL, '1', 1, '0'),
(105, 1, 16000, '2019-08-31', '07:06:00', NULL, '1', 1, '0'),
(106, 1, 14000, '2019-08-31', '07:40:00', NULL, '1', 2, '0'),
(107, 1, 11000, '2019-08-31', '07:48:00', NULL, '1', 3, '2400'),
(108, 1, 7000, '2019-08-31', '07:49:00', NULL, '1', 1, '0'),
(109, 1, 17000, '2019-08-31', '07:51:00', NULL, '1', 1, '0'),
(110, 1, 8000, '2019-08-31', '07:59:00', NULL, '1', 2, '0'),
(111, 1, 24000, '2019-08-31', '08:38:00', NULL, '1', 1, '0'),
(112, 1, 21000, '2019-08-31', '09:03:00', NULL, '1', 2, '3000'),
(113, 4, 18000, '2019-08-31', '09:06:00', NULL, '1', 8, '0'),
(114, 4, 9000, '2019-08-31', '09:46:00', NULL, '1', 10, '1200'),
(115, 3, 15000, '2019-08-31', '09:46:00', NULL, '1', 5, '0'),
(116, 2, 7000, '2019-08-31', '09:46:00', NULL, '1', 6, '0'),
(117, 1, 31500, '2019-08-31', '10:28:00', NULL, '1', 1, '3000'),
(118, 1, 10000, '2019-08-31', '10:36:00', NULL, '1', 1, '0'),
(119, 1, 3500, '2019-08-31', '10:54:00', NULL, '1', 1, '2300'),
(120, 1, 37500, '2019-09-01', '07:07:00', NULL, '1', 1, '5900'),
(121, 2, 16000, '2019-09-01', '07:07:00', NULL, '1', 2, '0'),
(122, 5, 17000, '2019-09-01', '08:00:00', NULL, '1', 8, '0'),
(123, 4, 17000, '2019-09-01', '08:00:00', NULL, '1', 4, '0'),
(124, 3, 18000, '2019-09-01', '08:01:00', NULL, '1', 3, '0'),
(125, 1, 24000, '2019-09-01', '08:16:00', NULL, '1', 4, '0'),
(126, 1, 11000, '2019-09-01', '08:55:00', NULL, '1', 1, '2400'),
(127, 1, 8000, '2019-09-01', '08:55:00', NULL, '1', 1, '0'),
(128, 1, 9000, '2019-09-01', '09:00:00', NULL, '1', 4, '0'),
(129, 1, 7000, '2019-09-01', '09:24:00', NULL, '1', 7, '0'),
(130, 1, 8000, '2019-09-01', '09:56:00', NULL, '1', 1, '0'),
(131, 2, 20000, '2019-09-06', '07:25:00', NULL, '1', 2, '0'),
(132, 1, 21500, '2019-09-06', '07:28:00', NULL, '1', 1, '3000'),
(133, 4, 9000, '2019-09-06', '09:51:00', NULL, '1', 6, '0'),
(134, 3, 15000, '2019-09-06', '09:52:00', NULL, '1', 4, '0'),
(135, 2, 17000, '2019-09-06', '09:52:00', NULL, '1', 3, '0'),
(136, 1, 31000, '2019-09-06', '09:52:00', NULL, '1', 2, '2700'),
(137, 1, 0, '2019-09-06', '09:52:00', NULL, '', 0, '0'),
(138, 1, 10000, '2019-09-07', '06:45:00', NULL, '1', 1, '0'),
(139, 3, 67400, '2019-09-07', '07:53:00', NULL, '1', 7, '0'),
(140, 2, 9000, '2019-09-07', '07:53:00', NULL, '1', 3, '0'),
(141, 1, 15000, '2019-09-07', '07:53:00', NULL, '1', 2, '0'),
(142, 2, 7000, '2019-09-07', '08:58:00', NULL, '1', 2, '0'),
(143, 3, 14000, '2019-09-07', '09:18:00', NULL, '1', 4, '0'),
(144, 2, 27000, '2019-09-07', '09:51:00', NULL, '1', 3, '0'),
(145, 1, 8000, '2019-09-07', '10:29:00', NULL, '1', 1, '0'),
(146, 3, 9000, '2019-09-07', '10:29:00', NULL, '1', 4, '0'),
(147, 2, 10000, '2019-09-07', '10:29:00', NULL, '1', 5, '1500'),
(148, 1, 3500, '2019-09-07', '10:45:00', NULL, '1', 0, '2300'),
(149, 1, 10000, '2019-09-07', '10:48:00', NULL, '1', 0, '4700'),
(150, 1, 39000, '2019-09-07', '10:58:00', NULL, '1', 4, '0'),
(151, 1, 11500, '2019-09-08', '06:34:00', NULL, '1', 1, '2300'),
(152, 1, 15000, '2019-09-08', '06:57:00', NULL, '1', 1, '0'),
(153, 1, 7000, '2019-09-08', '06:58:00', NULL, '1', 1, '0'),
(154, 1, 30500, '2019-09-08', '07:59:00', NULL, '1', 1, '2400'),
(155, 1, 8000, '2019-09-08', '08:00:00', NULL, '1', 3, '0'),
(156, 1, 15500, '2019-09-08', '08:42:00', NULL, '1', 1, '5000'),
(157, 1, 18500, '2019-09-08', '09:42:00', NULL, '1', 1, '2300'),
(158, 1, 43500, '2019-09-13', '07:00:00', NULL, '1', 1, '3000'),
(159, 2, 10000, '2019-09-13', '07:13:00', NULL, '1', 2, '0'),
(160, 5, 0, '2019-09-13', '07:13:00', NULL, '', 0, '0'),
(161, 3, 8000, '2019-09-13', '07:13:00', NULL, '1', 3, '0'),
(162, 4, 20000, '2019-09-13', '07:13:00', NULL, '1', 4, '0'),
(163, 5, 40000, '2019-09-13', '08:15:00', NULL, '1', 6, '2700'),
(164, 1, 12000, '2019-09-13', '08:17:00', NULL, '1', 1, '1500'),
(165, 3, 7000, '2019-09-13', '08:17:00', NULL, '1', 3, '0'),
(166, 4, 10000, '2019-09-13', '08:17:00', NULL, '1', 5, '0'),
(167, 6, 7000, '2019-09-13', '08:17:00', NULL, '1', 7, '0'),
(168, 2, 10000, '2019-09-13', '08:17:00', NULL, '1', 2, '0'),
(169, 7, 12500, '2019-09-13', '09:17:00', NULL, '1', 9, '3000'),
(170, 1, 77000, '2019-09-13', '10:12:00', NULL, '1', 7, '4600'),
(171, 1, 24000, '2019-09-13', '10:56:00', NULL, '1', 1, '3300'),
(172, 1, 21000, '2019-09-14', '06:16:00', NULL, '1', 1, '3000'),
(173, 1, 16000, '2019-09-14', '07:16:00', NULL, '1', 4, '0'),
(174, 2, 27000, '2019-09-14', '07:39:00', NULL, '1', 7, '0'),
(175, 5, 16000, '2019-09-14', '08:01:00', NULL, '1', 4, '0'),
(176, 4, 10000, '2019-09-14', '08:02:00', NULL, '1', 3, '0'),
(177, 1, 40500, '2019-09-14', '08:13:00', NULL, '1', 5, '3800'),
(178, 2, 14000, '2019-09-14', '08:14:00', NULL, '1', 1, '2400'),
(179, 6, 17500, '2019-09-14', '08:17:00', NULL, '1', 6, '3000'),
(180, 3, 7000, '2019-09-14', '08:17:00', NULL, '1', 2, '0'),
(181, 7, 12000, '2019-09-14', '08:32:00', NULL, '1', 9, '1200'),
(182, 9, 9200, '2019-09-14', '08:32:00', NULL, '1', 5, '0'),
(183, 10, 7000, '2019-09-14', '08:33:00', NULL, '1', 1, '0'),
(184, 8, 15000, '2019-09-14', '08:55:00', NULL, '1', 8, '3200'),
(185, 1, 22000, '2019-09-14', '09:44:00', NULL, '1', 2, '2000'),
(186, 1, 19500, '2019-09-14', '10:25:00', NULL, '1', 0, '2300'),
(187, 3, 5000, '2019-09-14', '10:49:00', NULL, '1', 8, '2000'),
(188, 1, 20500, '2019-09-14', '11:07:00', NULL, '1', 4, '3000'),
(189, 2, 45000, '2019-09-14', '11:17:00', NULL, '1', 5, '7500'),
(190, 1, 9000, '2019-09-20', '07:19:00', NULL, '1', 1, '0'),
(191, 1, 17000, '2019-09-20', '08:23:00', NULL, '1', 0, '0'),
(192, 1, 45000, '2019-09-20', '08:49:00', NULL, '1', 2, '2700'),
(193, 3, 8000, '2019-09-20', '11:05:00', NULL, '1', 1, '0'),
(194, 2, 20000, '2019-09-20', '11:05:00', NULL, '1', 8, '0'),
(195, 1, 10000, '2019-09-20', '11:09:00', NULL, '1', 1, '0'),
(196, 1, 23000, '2019-09-21', '07:20:00', NULL, '1', 1, '1500'),
(197, 4, 9000, '2019-09-21', '07:25:00', NULL, '1', 24, '1200'),
(198, 2, 22000, '2019-09-21', '07:26:00', NULL, '1', 5, '2400'),
(199, 6, 16000, '2019-09-21', '07:37:00', NULL, '1', 2, '0'),
(200, 6, 20500, '2019-09-21', '07:42:00', NULL, '1', 20, '2300'),
(201, 3, 43500, '2019-09-21', '07:51:00', NULL, '1', 23, '2300'),
(202, 6, 9000, '2019-09-21', '07:53:00', NULL, '1', 9, '0'),
(203, 7, 14500, '2019-09-21', '09:34:00', NULL, '1', 4, '1500'),
(204, 5, 10000, '2019-09-21', '09:35:00', NULL, '1', 90, '0'),
(205, 6, 25500, '2019-09-21', '09:38:00', NULL, '1', 1, '4300'),
(206, 1, 34500, '2019-09-21', '09:52:00', NULL, '1', 30, '2300'),
(207, 3, 8000, '2019-09-21', '09:53:00', NULL, '1', 1, '0'),
(208, 3, 24000, '2019-09-27', '07:16:00', NULL, '1', 1, '0'),
(209, 3, 43000, '2019-09-27', '07:43:00', NULL, '1', 1, '4500'),
(210, 5, 9000, '2019-09-27', '07:43:00', NULL, '1', 4, '0'),
(211, 4, 14000, '2019-09-27', '07:43:00', NULL, '1', 3, '0'),
(212, 1, 15000, '2019-09-27', '07:48:00', NULL, '1', 9, '0'),
(213, 1, 76000, '2019-09-27', '08:06:00', NULL, '1', 1, '0'),
(214, 2, 7000, '2019-09-27', '10:04:00', NULL, '1', 2, '0'),
(215, 1, 17000, '2019-09-27', '10:04:00', NULL, '1', 1, '0'),
(216, 1, 33000, '2019-09-27', '10:52:00', NULL, '1', 1, '0'),
(217, 1, 25000, '2019-09-28', '07:12:00', NULL, '1', 1, '0'),
(218, 1, 26000, '2019-09-28', '07:35:00', NULL, '1', 22, '3000'),
(219, 1, 28500, '2019-09-28', '09:03:00', NULL, '1', 2, '2300'),
(220, 4, 13500, '2019-09-28', '09:39:00', NULL, '1', 3, '2300'),
(221, 4, 12500, '2019-09-28', '09:45:00', NULL, '1', 8, '2300'),
(222, 4, 7000, '2019-09-28', '09:46:00', NULL, '1', 5, '3200'),
(223, 3, 37000, '2019-09-28', '09:46:00', NULL, '1', 4, '0'),
(224, 2, 14000, '2019-09-28', '09:47:00', NULL, '1', 1, '0'),
(225, 1, 17000, '2019-09-29', '06:19:00', NULL, '1', 1, '0'),
(226, 4, 26000, '2019-09-29', '06:44:00', NULL, '1', 5, '0'),
(227, 5, 13500, '2019-09-29', '07:05:00', NULL, '1', 6, '2300'),
(228, 4, 16000, '2019-09-29', '07:06:00', NULL, '1', 8, '0'),
(229, 4, 13000, '2019-09-29', '07:07:00', NULL, '1', 9, '3000'),
(230, 3, 9000, '2019-09-29', '07:07:00', NULL, '1', 4, '0'),
(231, 2, 10000, '2019-09-29', '07:07:00', NULL, '1', 2, '0'),
(232, 2, 15000, '2019-09-29', '09:25:00', NULL, '1', 11, '0'),
(233, 2, 9000, '2019-10-04', '08:02:00', NULL, '1', 1, '0'),
(234, 2, 61000, '2019-10-04', '10:27:00', NULL, '1', 1, '0'),
(235, 2, 41000, '2019-10-05', '07:15:00', NULL, '1', 1, '0'),
(236, 2, 22000, '2019-10-05', '07:25:00', NULL, '1', 3, '0'),
(237, 4, 18000, '2019-10-05', '07:38:00', NULL, '1', 1, '0'),
(238, 3, 23000, '2019-10-05', '07:54:00', NULL, '1', 4, '1500'),
(239, 2, 20000, '2019-10-05', '07:55:00', NULL, '1', 3, '2400'),
(240, 2, 15000, '2019-10-05', '08:44:00', NULL, '1', 9, '0'),
(241, 2, 24000, '2019-10-05', '08:46:00', NULL, '1', 7, '0'),
(242, 2, 17000, '2019-10-05', '09:07:00', NULL, '1', 7, '4000'),
(243, 1, 13500, '2019-10-05', '09:07:00', NULL, '1', 5, '3000'),
(244, 1, 41000, '2019-10-05', '10:30:00', NULL, '1', 4, '4500'),
(245, 4, 18000, '2019-10-06', '06:24:00', NULL, '1', 4, '0'),
(246, 3, 12500, '2019-10-06', '06:34:00', NULL, '1', 3, '2300'),
(247, 1, 32000, '2019-10-06', '06:40:00', NULL, '1', 1, '0'),
(248, 3, 10000, '2019-10-06', '06:40:00', NULL, '1', 7, '0'),
(249, 4, 3500, '2019-10-06', '06:45:00', NULL, '1', 9, '2300'),
(250, 2, 10000, '2019-10-06', '06:51:00', NULL, '1', 2, '0'),
(251, 3, 20000, '2019-10-06', '06:51:00', NULL, '1', 6, '0'),
(252, 1, 9000, '2019-10-06', '07:04:00', NULL, '1', 1, '0'),
(253, 1, 8000, '2019-10-06', '07:05:00', NULL, '1', 4, '0'),
(254, 2, 10500, '2019-10-06', '07:28:00', NULL, '1', 8, '2300'),
(255, 2, 9200, '2019-10-06', '08:20:00', NULL, '1', 7, '0'),
(256, 2, 19500, '2019-10-06', '08:44:00', NULL, '1', 5, '2300'),
(257, 2, 14000, '2019-10-06', '08:44:00', NULL, '1', 1, '0'),
(258, 1, 22500, '2019-10-06', '08:55:00', NULL, '1', 4, '2300'),
(259, 2, 17000, '2019-10-11', '06:59:00', NULL, '1', 2, '1200'),
(260, 3, 38500, '2019-10-11', '07:44:00', NULL, '1', 3, '2300'),
(261, 2, 9000, '2019-10-11', '09:02:00', NULL, '1', 3, '0'),
(262, 3, 9000, '2019-10-11', '09:03:00', NULL, '1', 4, '0'),
(263, 2, 7000, '2019-10-11', '09:59:00', NULL, '1', 2, '0'),
(264, 2, 21000, '2019-10-12', '07:14:00', NULL, '1', 2, '0'),
(265, 3, 13500, '2019-10-12', '08:01:00', NULL, '1', 3, '1200'),
(266, 2, 25000, '2019-10-12', '08:02:00', NULL, '1', 2, '0'),
(267, 5, 20000, '2019-10-12', '08:03:00', NULL, '1', 5, '1200'),
(268, 8, 10000, '2019-10-12', '08:03:00', NULL, '1', 8, '0'),
(269, 4, 17000, '2019-10-12', '08:05:00', NULL, '1', 4, '0'),
(270, 6, 23000, '2019-10-12', '08:05:00', NULL, '1', 6, '0'),
(271, 7, 10000, '2019-10-12', '08:06:00', NULL, '1', 7, '0'),
(272, 2, 9000, '2019-10-12', '08:25:00', NULL, '1', 3, '0'),
(273, 1, 13000, '2019-10-12', '08:33:00', NULL, '1', 2, '0'),
(274, 3, 16000, '2019-10-12', '08:33:00', NULL, '1', 4, '0'),
(275, 4, 16000, '2019-10-12', '08:52:00', NULL, '1', 5, '0'),
(276, 5, 9000, '2019-10-12', '09:16:00', NULL, '1', 1, '0'),
(277, 1, 7000, '2019-10-12', '09:17:00', NULL, '1', 1, '0'),
(278, 1, 22000, '2019-10-12', '09:33:00', NULL, '1', 2, '0'),
(279, 1, 22000, '2019-10-12', '09:34:00', NULL, '1', 1, '0'),
(280, 1, 28000, '2019-10-12', '11:36:00', NULL, '1', 1, '0'),
(281, 1, 22000, '2019-10-13', '06:33:00', NULL, '1', 1, '0'),
(282, 2, 16000, '2019-10-13', '07:23:00', NULL, '1', 3, '0'),
(283, 2, 27000, '2019-10-13', '07:24:00', NULL, '1', 2, '0'),
(284, 1, 27500, '2019-10-13', '07:34:00', NULL, '1', 1, '2300'),
(285, 2, 25000, '2019-10-13', '08:01:00', NULL, '1', 5, '1200'),
(286, 1, 26000, '2019-10-13', '09:01:00', NULL, '1', 1, '0'),
(287, 1, 7000, '2019-10-13', '09:46:00', NULL, '1', 3, '0'),
(288, 4, 22000, '2019-10-13', '09:48:00', NULL, '1', 5, '0'),
(289, 2, 16000, '2019-10-13', '09:48:00', NULL, '1', 2, '0'),
(290, 4, 14000, '2019-10-13', '10:21:00', NULL, '1', 6, '0'),
(291, 4, 17000, '2019-10-13', '11:04:00', NULL, '1', 1, '0'),
(292, 3, 14000, '2019-10-13', '11:04:00', NULL, '1', 4, '0'),
(293, 1, 9000, '2019-10-14', '06:24:00', NULL, '1', 1, '0'),
(294, 3, 12500, '2019-10-14', '06:44:00', NULL, '1', 4, '2300'),
(295, 3, 17000, '2019-10-14', '07:03:00', NULL, '1', 5, '0'),
(296, 2, 8000, '2019-10-14', '07:04:00', NULL, '1', 3, '0'),
(297, 1, 18000, '2019-10-14', '07:04:00', NULL, '1', 2, '0'),
(298, 1, 12000, '2019-10-14', '07:50:00', NULL, '1', 1, '1200'),
(299, 2, 15000, '2019-10-14', '08:23:00', NULL, '1', 2, '0'),
(300, 1, 48700, '2019-10-14', '08:45:00', NULL, '1', 1, '3000'),
(301, 1, 18000, '2019-10-19', '06:00:00', NULL, '1', 1, '0'),
(302, 1, 17000, '2019-10-19', '06:02:00', NULL, '1', 1, '0'),
(303, 1, 10500, '2019-10-19', '06:13:00', NULL, '1', 1, '3000'),
(304, 1, 21500, '2019-10-19', '06:33:00', NULL, '1', 2, '3000'),
(305, 1, 26000, '2019-10-19', '06:34:00', NULL, '1', 2, '0'),
(306, 1, 10000, '2019-10-19', '06:48:00', NULL, '1', 1, '0'),
(307, 1, 16000, '2019-10-19', '07:20:00', NULL, '1', 2, '0'),
(308, 1, 23000, '2019-10-19', '07:23:00', NULL, '1', 3, '0'),
(309, 1, 26000, '2019-10-19', '07:33:00', NULL, '1', 1, '0'),
(310, 1, 8000, '2019-10-19', '07:36:00', NULL, '1', 2, '0'),
(311, 1, 17000, '2019-10-19', '07:43:00', NULL, '1', 1, '0'),
(312, 1, 12000, '2019-10-19', '07:59:00', NULL, '1', 8, '1200'),
(313, 2, 21000, '2019-10-25', '07:51:00', NULL, '1', 23, '1500'),
(314, 1, 53000, '2019-10-25', '08:09:00', NULL, '1', 24, '10200'),
(315, 3, 23000, '2019-10-25', '09:24:00', NULL, '1', 25, '1500'),
(316, 1, 7000, '2019-10-25', '09:58:00', NULL, '1', 1, '0'),
(317, 1, 9000, '2019-10-26', '06:01:00', NULL, '1', 1, '0'),
(318, 1, 7000, '2019-10-26', '07:22:00', NULL, '1', 1, '0'),
(319, 3, 9000, '2019-10-26', '08:13:00', NULL, '1', 3, '0'),
(320, 2, 7000, '2019-10-26', '08:13:00', NULL, '1', 2, '0'),
(321, 1, 15000, '2019-10-26', '08:13:00', NULL, '1', 1, '0'),
(322, 2, 10000, '2019-10-26', '08:35:00', NULL, '1', 2, '0'),
(323, 1, 9000, '2019-10-26', '08:35:00', NULL, '1', 1, '0'),
(324, 1, 10000, '2019-10-26', '08:48:00', NULL, '1', 1, '0'),
(325, 1, 10000, '2019-10-26', '09:01:00', NULL, '1', 2, '0'),
(326, 2, 7000, '2019-10-26', '09:02:00', NULL, '1', 3, '0'),
(327, 1, 17000, '2019-10-26', '09:32:00', NULL, '1', 1, '0'),
(328, 1, 11200, '2019-10-26', '09:34:00', NULL, '1', 2, '0'),
(329, 1, 14000, '2019-10-26', '10:01:00', NULL, '1', 2, '0'),
(330, 1, 17000, '2019-10-26', '10:03:00', NULL, '1', 1, '0'),
(331, 1, 10000, '2019-10-26', '11:08:00', NULL, '1', 1, '0'),
(332, 4, 15000, '2019-10-27', '07:29:00', NULL, '1', 4, '0'),
(333, 3, 16000, '2019-10-27', '07:49:00', NULL, '1', 3, '0'),
(334, 1, 11000, '2019-10-27', '07:49:00', NULL, '1', 1, '1500'),
(335, 2, 19500, '2019-10-27', '09:33:00', NULL, '1', 2, '3000'),
(336, 1, 17500, '2019-10-27', '10:10:00', NULL, '1', 1, '2300'),
(337, 1, 24500, '2019-10-27', '10:49:00', NULL, '1', 3, '2300'),
(338, 1, 38000, '2019-11-01', '07:34:00', NULL, '1', 1, '0'),
(339, 1, 13500, '2019-11-01', '07:36:00', NULL, '1', 1, '2300'),
(340, 1, 14000, '2019-11-01', '08:25:00', NULL, '1', 2, '0'),
(341, 1, 85500, '2019-11-03', '07:15:00', NULL, '1', 1, '3500'),
(342, 1, 16200, '2019-11-03', '08:04:00', NULL, '1', 1, '0'),
(343, 2, 20000, '2019-11-03', '08:31:00', NULL, '1', 1, '5700'),
(344, 1, 70000, '2019-11-03', '08:53:00', NULL, '1', 5, '7600'),
(345, 3, 24000, '2019-11-03', '09:38:00', NULL, '1', 1, '0'),
(346, 2, 26000, '2019-11-03', '09:39:00', NULL, '1', 2, '3000'),
(347, 1, 14000, '2019-11-03', '09:40:00', NULL, '1', 1, '1500'),
(348, 1, 47500, '2019-11-08', '09:17:00', NULL, '1', 1, '2300'),
(349, 1, 24000, '2019-11-08', '09:29:00', NULL, '1', 1, '3600'),
(350, 1, 16000, '2019-11-10', '06:28:00', NULL, '1', 1, '0'),
(351, 1, 31000, '2019-11-10', '07:01:00', NULL, '1', 1, '2400'),
(352, 1, 30500, '2019-11-15', '07:07:00', NULL, '1', 1, '3000'),
(353, 1, 3000, '2019-11-15', '07:07:00', NULL, '1', 1, '1500'),
(354, 1, 18000, '2019-11-23', '07:55:00', NULL, '1', 1, '0'),
(355, 1, 10000, '2019-11-23', '07:56:00', NULL, '1', 1, '0'),
(356, 1, 20000, '2019-11-23', '07:59:00', NULL, '1', 1, '0'),
(357, 1, 7000, '2019-11-23', '08:01:00', NULL, '1', 1, '0'),
(358, 1, 24000, '2019-11-23', '08:02:00', NULL, '1', 2, '0'),
(359, 1, 49500, '2019-11-23', '08:50:00', NULL, '1', 3, '2300'),
(360, 1, 20500, '2019-11-23', '09:30:00', NULL, '1', 1, '2300'),
(361, 1, 50000, '2019-11-29', '08:42:00', NULL, '1', 1, '0'),
(362, 3, 32000, '2019-11-29', '10:15:00', NULL, '1', 4, '4600'),
(363, 1, 9000, '2019-11-29', '10:15:00', NULL, '1', 2, '0'),
(364, 2, 30000, '2019-11-29', '10:16:00', NULL, '1', 3, '0'),
(365, 1, 10000, '2019-11-29', '10:17:00', NULL, '1', 1, '0'),
(366, 1, 38000, '2019-12-01', '06:45:00', NULL, '1', 1, '0'),
(367, 1, 16000, '2019-12-01', '06:46:00', NULL, '1', 1, '0'),
(368, 1, 31000, '2019-12-01', '07:17:00', NULL, '1', 1, '0'),
(369, 1, 9000, '2019-12-01', '07:58:00', NULL, '1', 1, '0'),
(370, 1, 24000, '2019-12-01', '09:25:00', NULL, '1', 1, '0'),
(371, 2, 15000, '2019-12-07', '07:10:00', NULL, '1', 4, '0'),
(372, 1, 46000, '2019-12-07', '07:13:00', NULL, '1', 1, '0'),
(373, 1, 15000, '2019-12-07', '07:22:00', NULL, '1', 1, '0'),
(374, 1, 7000, '2019-12-07', '07:26:00', NULL, '1', 1, '0'),
(375, 2, 30000, '2019-12-07', '07:58:00', NULL, '1', 2, '0'),
(376, 2, 18000, '2019-12-07', '08:26:00', NULL, '1', 7, '0'),
(377, 1, 40500, '2019-12-07', '08:26:00', NULL, '1', 1, '2300'),
(378, 2, 17000, '2019-12-08', '06:57:00', NULL, '1', 2, '0'),
(379, 1, 59000, '2019-12-08', '07:22:00', NULL, '1', 1, '1200'),
(380, 2, 30000, '2019-12-08', '07:25:00', NULL, '1', 3, '4200'),
(381, 3, 20000, '2019-12-08', '07:31:00', NULL, '1', 4, '1200'),
(382, 1, 40500, '2019-12-08', '08:07:00', NULL, '1', 1, '2300'),
(383, 1, 49000, '2019-12-08', '08:13:00', NULL, '1', 1, '0'),
(384, 3, 7000, '2019-12-08', '08:28:00', NULL, '1', 2, '4600'),
(385, 3, 3500, '2019-12-08', '08:32:00', NULL, '1', 2, '2300'),
(386, 1, 38000, '2019-12-08', '09:02:00', NULL, '1', 1, '0'),
(387, 2, 6000, '2019-12-08', '09:02:00', NULL, '1', 6, '3000'),
(388, 3, 17000, '2019-12-08', '09:02:00', NULL, '1', 2, '0'),
(389, 1, 42500, '2019-12-14', '12:04:00', NULL, '1', 1, '2300'),
(390, 1, 30000, '2019-12-14', '06:54:00', NULL, '1', 1, '0'),
(391, 1, 40000, '2019-12-14', '07:54:00', NULL, '1', 1, '0'),
(392, 1, 10000, '2019-12-14', '08:05:00', NULL, '1', 2, '1200'),
(393, 2, 8000, '2019-12-14', '08:16:00', NULL, '1', 4, '0'),
(394, 3, 20000, '2019-12-14', '08:19:00', NULL, '1', 1, '0'),
(395, 3, 24000, '2019-12-14', '08:26:00', NULL, '1', 1, '0'),
(396, 4, 7000, '2019-12-14', '08:29:00', NULL, '1', 8, '0'),
(397, 1, 13000, '2019-12-14', '08:34:00', NULL, '1', 3, '1500'),
(398, 5, 9000, '2019-12-14', '08:59:00', NULL, '1', 70, '0'),
(399, 3, 18000, '2019-12-14', '09:08:00', NULL, '1', 1, '2400'),
(400, 2, 56500, '2019-12-14', '09:14:00', NULL, '1', 5, '3000'),
(401, 5, 17000, '2019-12-15', '06:58:00', NULL, '1', 1, '0'),
(402, 5, 33500, '2019-12-15', '07:21:00', NULL, '1', 1, '3000'),
(403, 6, 20000, '2019-12-15', '07:21:00', NULL, '1', 2, '0'),
(404, 7, 15000, '2019-12-15', '07:22:00', NULL, '1', 3, '3000'),
(405, 4, 19500, '2019-12-15', '07:22:00', NULL, '1', 9, '3000'),
(406, 1, 7000, '2019-12-15', '07:22:00', NULL, '1', 1, '0'),
(407, 4, 16000, '2019-12-15', '07:59:00', NULL, '1', 8, '0'),
(408, 1, 34000, '2019-12-15', '08:04:00', NULL, '1', 2, '1200'),
(409, 2, 45000, '2019-12-15', '08:11:00', NULL, '1', 5, '0'),
(410, 4, 7000, '2019-12-15', '08:34:00', NULL, '1', 1, '0'),
(411, 5, 22000, '2019-12-15', '08:41:00', NULL, '1', 2, '0'),
(412, 3, 29000, '2019-12-15', '08:58:00', NULL, '1', 4, '5300'),
(413, 4, 17500, '2019-12-15', '08:58:00', NULL, '1', 1, '2300'),
(414, 2, 8000, '2019-12-20', '08:22:00', NULL, '1', 2, '0'),
(415, 1, 21000, '2019-12-20', '08:22:00', NULL, '1', 1, '0'),
(416, 1, 68000, '2019-12-20', '08:26:00', NULL, '1', 1, '0'),
(417, 1, 22000, '2019-12-20', '08:36:00', NULL, '1', 1, '1500'),
(418, 2, 16000, '2019-12-20', '09:01:00', NULL, '1', 2, '0'),
(419, 4, 8000, '2019-12-20', '09:12:00', NULL, '1', 2, '0'),
(420, 3, 10000, '2019-12-21', '10:46:00', NULL, '1', 1, '0'),
(421, 2, 45500, '2019-12-21', '07:31:00', NULL, '1', 24, '3000'),
(422, 1, 73000, '2019-12-21', '07:58:00', NULL, '1', 1, '6000'),
(423, 1, 18500, '2019-12-21', '08:14:00', NULL, '1', 22, '3000'),
(424, 1, 22700, '2019-12-21', '09:08:00', NULL, '1', 22, '3000'),
(425, 1, 16000, '2019-12-21', '09:10:00', NULL, '1', 5, '0'),
(426, 1, 29000, '2019-12-21', '09:51:00', NULL, '1', 7, '1500'),
(427, 1, 36000, '2019-12-21', '10:10:00', NULL, '1', 4, '3900'),
(428, 2, 23000, '2019-12-21', '11:06:00', NULL, '1', 8, '0'),
(429, 2, 92000, '2019-12-22', '07:11:00', NULL, '1', 2, '0'),
(430, 1, 31500, '2019-12-22', '08:00:00', NULL, '1', 24, '2300'),
(431, 3, 28500, '2019-12-22', '08:29:00', NULL, '1', 25, '4200'),
(432, 2, 28500, '2019-12-22', '08:29:00', NULL, '1', 21, '3000'),
(433, 1, 10000, '2019-12-22', '08:57:00', NULL, '1', 3, '1500'),
(434, 1, 14000, '2019-12-22', '09:59:00', NULL, '1', 2, '2400'),
(435, 1, 43000, '2019-12-27', '07:14:00', NULL, '1', 25, '0'),
(436, 1, 24000, '2019-12-27', '07:38:00', NULL, '1', 1, '0'),
(437, 1, 26000, '2019-12-27', '07:48:00', NULL, '1', 1, '0'),
(438, 1, 8000, '2019-12-27', '08:04:00', NULL, '1', 1, '0'),
(439, 2, 9000, '2019-12-27', '08:24:00', NULL, '1', 2, '0'),
(440, 3, 16000, '2019-12-27', '08:40:00', NULL, '1', 3, '0'),
(441, 1, 21500, '2019-12-27', '09:08:00', NULL, '1', 1, '3000'),
(442, 6, 10000, '2019-12-27', '09:33:00', NULL, '1', 1, '0'),
(443, 5, 9000, '2019-12-27', '09:33:00', NULL, '1', 5, '0'),
(444, 4, 10000, '2019-12-27', '09:33:00', NULL, '1', 4, '0'),
(445, 1, 15000, '2019-12-28', '06:35:00', NULL, '1', 1, '0'),
(446, 3, 17000, '2019-12-28', '07:38:00', NULL, '1', 3, '0'),
(447, 1, 32500, '2019-12-28', '07:46:00', NULL, '1', 1, '3000'),
(448, 3, 10000, '2019-12-28', '07:46:00', NULL, '1', 21, '0'),
(449, 2, 15000, '2019-12-28', '07:58:00', NULL, '1', 2, '3000'),
(450, 1, 10000, '2019-12-28', '08:07:00', NULL, '1', 1, '0'),
(451, 3, 7000, '2019-12-28', '08:31:00', NULL, '1', 7, '0'),
(452, 3, 23000, '2019-12-28', '08:56:00', NULL, '1', 9, '0'),
(453, 2, 38500, '2019-12-28', '09:18:00', NULL, '1', 2, '3000'),
(454, 1, 10000, '2019-12-28', '09:19:00', NULL, '1', 1, '1500'),
(455, 3, 50500, '2019-12-28', '09:38:00', NULL, '1', 3, '3000'),
(456, 4, 10000, '2019-12-28', '10:43:00', NULL, '1', 2, '1500'),
(457, 1, 36000, '2020-01-03', '07:01:00', NULL, '1', 4, '4600'),
(458, 1, 25000, '2020-01-04', '06:09:00', NULL, '1', 1, '0'),
(459, 1, 9000, '2020-01-04', '07:08:00', NULL, '1', 1, '0'),
(460, 1, 14000, '2020-01-04', '07:29:00', NULL, '1', 1, '3000'),
(461, 3, 28000, '2020-01-04', '08:05:00', NULL, '1', 3, '4200'),
(462, 2, 27500, '2020-01-04', '08:07:00', NULL, '1', 2, '1500'),
(463, 5, 20500, '2020-01-04', '08:08:00', NULL, '1', 9, '3000'),
(464, 1, 49000, '2020-01-04', '08:27:00', NULL, '1', 1, '3000'),
(465, 4, 34000, '2020-01-04', '08:27:00', NULL, '1', 4, '2700'),
(466, 1, 19000, '2020-01-04', '08:27:00', NULL, '1', 1, '1200'),
(467, 1, 10000, '2020-01-04', '08:30:00', NULL, '1', 1, '0'),
(468, 2, 13000, '2020-01-04', '09:41:00', NULL, '1', 2, '2700'),
(469, 2, 11500, '2020-01-04', '10:15:00', NULL, '1', 2, '3000'),
(470, 1, 148200, '2020-01-05', '06:46:00', NULL, '1', 1, '0'),
(471, 2, 16000, '2020-01-05', '07:11:00', NULL, '1', 2, '0'),
(472, 1, 37000, '2020-01-05', '07:29:00', NULL, '1', 1, '0'),
(473, 3, 97000, '2020-01-05', '07:55:00', NULL, '1', 3, '6000'),
(474, 1, 34000, '2020-01-05', '07:55:00', NULL, '1', 1, '0'),
(475, 2, 19500, '2020-01-05', '08:23:00', NULL, '1', 2, '3000'),
(476, 1, 23500, '2020-01-05', '08:44:00', NULL, '1', 1, '3000'),
(477, 2, 17000, '2020-01-05', '09:05:00', NULL, '1', 2, '4500'),
(478, 1, 7000, '2020-01-05', '09:06:00', NULL, '1', 1, '0'),
(479, 1, 25000, '2020-01-05', '09:55:00', NULL, '1', 1, '0'),
(480, 1, 35000, '2020-01-05', '10:15:00', NULL, '1', 1, '0');

-- --------------------------------------------------------

--
-- Estructura de tabla para la tabla `inabilitarplatos`
--

CREATE TABLE `inabilitarplatos` (
  `idinabilitarplatos` int(11) NOT NULL,
  `codplato` int(11) NOT NULL,
  `descripcion` varchar(60) NOT NULL,
  `costo` int(11) DEFAULT NULL,
  `tipo` varchar(20) NOT NULL,
  `precio` int(11) NOT NULL,
  `utilidad` int(11) DEFAULT NULL,
  `detalles` text,
  `url` longtext,
  `fechacreacion` date NOT NULL,
  `fechainabilitacion` date NOT NULL
) ENGINE=InnoDB DEFAULT CHARSET=latin1;

-- --------------------------------------------------------

--
-- Estructura de tabla para la tabla `ingredientes`
--

CREATE TABLE `ingredientes` (
  `codproductos` int(11) NOT NULL,
  `codreceta` int(11) NOT NULL,
  `cantidad` int(11) NOT NULL
) ENGINE=InnoDB DEFAULT CHARSET=latin1;

-- --------------------------------------------------------

--
-- Estructura de tabla para la tabla `receta`
--

CREATE TABLE `receta` (
  `codreceta` int(11) NOT NULL,
  `descripcion` text NOT NULL,
  `codplato` int(11) NOT NULL
) ENGINE=InnoDB DEFAULT CHARSET=latin1;

-- --------------------------------------------------------

--
-- Estructura de tabla para la tabla `registrarcliente`
--

CREATE TABLE `registrarcliente` (
  `idcc` varchar(20) NOT NULL,
  `nombres` varchar(30) NOT NULL,
  `apellidos` varchar(30) NOT NULL,
  `direccion` varchar(60) NOT NULL,
  `telefono` varchar(60) DEFAULT NULL,
  `celular` varchar(60) NOT NULL,
  `email` varchar(60) DEFAULT NULL,
  `ciudad` varchar(60) NOT NULL,
  `barrio` varchar(60) NOT NULL,
  `fecha` date NOT NULL
) ENGINE=InnoDB DEFAULT CHARSET=latin1;

--
-- Volcado de datos para la tabla `registrarcliente`
--

INSERT INTO `registrarcliente` (`idcc`, `nombres`, `apellidos`, `direccion`, `telefono`, `celular`, `email`, `ciudad`, `barrio`, `fecha`) VALUES
('1', 'SABORES ', 'BC', 'CRA 14 No. 126-56', '3116052048', '3007056881', 'CR', 'MONTERIA', 'URB COMFACOR', '2019-05-27');

-- --------------------------------------------------------

--
-- Estructura de tabla para la tabla `registrarcompras`
--

CREATE TABLE `registrarcompras` (
  `codcompras` int(11) NOT NULL,
  `numerofactura` varchar(30) NOT NULL,
  `fecha` date NOT NULL,
  `iva` int(11) NOT NULL,
  `subtotal` int(11) NOT NULL,
  `total` int(11) NOT NULL,
  `idproveedor` varchar(20) NOT NULL
) ENGINE=InnoDB DEFAULT CHARSET=latin1;

-- --------------------------------------------------------

--
-- Estructura de tabla para la tabla `registrarplatos`
--

CREATE TABLE `registrarplatos` (
  `codplato` int(11) NOT NULL,
  `descripcion` varchar(60) NOT NULL,
  `costo` int(11) DEFAULT NULL,
  `tipo` varchar(20) NOT NULL,
  `precio` int(11) NOT NULL,
  `utilidad` int(11) DEFAULT NULL,
  `detalles` text,
  `url` longtext,
  `fecha` date NOT NULL,
  `estadoplato` char(1) NOT NULL
) ENGINE=InnoDB DEFAULT CHARSET=latin1;

--
-- Volcado de datos para la tabla `registrarplatos`
--

INSERT INTO `registrarplatos` (`codplato`, `descripcion`, `costo`, `tipo`, `precio`, `utilidad`, `detalles`, `url`, `fecha`, `estadoplato`) VALUES
(1, 'PIZZA DE JAMON Y QUESO', 0, 'PIZZA', 7000, 7000, '.', '0', '2019-08-16', 'A'),
(2, 'PIZZA HAWAIANA', 0, 'PIZZA', 8000, 8000, '.', '0', '2019-08-16', 'A'),
(3, 'PIZZA DE SALAMI', 0, 'PIZZA', 8000, 8000, '.', '0', '2019-08-16', 'A'),
(4, 'PIZZA CHORIZO', 0, 'PIZZA', 9000, 9000, 'MAIZ TIERNO Y CEBOLLA.', '0', '2019-08-16', 'A'),
(5, 'PIZZA DE POLLO CON CHAMPIÑON', 0, 'PIZZA', 9000, 9000, '.', '0', '2019-08-16', 'A'),
(6, 'PIZZA VEGETARIANA', 0, 'PIZZA', 9000, 9000, 'TOMATE, CEBOLLA, BERENJENA, ALBAHACA Y PIMENTON', '0', '2019-08-16', 'A'),
(7, 'PIZZA ESPECIAL', 0, 'PIZZA', 10000, 10000, 'JAMON, SALAMI, POLLO, CEBOLLA, MAIZ TIERNO.', '0', '2019-08-16', 'A'),
(8, 'PIZZA DE LOMITO CON CHAMPIÑONES', 0, 'PIZZA', 13000, 13000, '.', '0', '2019-08-16', 'A'),
(9, 'CREPES DE ESPINACA, JAMON Y QUESO', 0, 'CREPES', 8000, 8000, '.', '0', '2019-08-16', 'A'),
(10, 'CREPES DE POLLO', 0, 'CREPES', 10000, 10000, 'POLLO, QUESO MOZZARELLA Y ENSALADA.', '0', '2019-08-16', 'A'),
(11, 'CREPE DE CARNE', 0, 'CREPES', 11000, 11000, 'CARNE, QUESO MOZZARELLA Y ENSALADA.', '0', '2019-08-16', 'A'),
(12, 'COSTILLA BBQ 250 gr', 0, 'COSTILLAS', 10000, 10000, 'PAPAS AL VAPOR Y ENSALADA.', '0', '2019-08-16', 'A'),
(13, 'COSTILLAS BBQ 500 gr', 0, 'COSTILLAS', 15000, 15000, 'PAPAS AL VAPOR Y ENSALADA.', '0', '2019-08-16', 'A'),
(14, 'COSTILLAS AL ROMERO LIMON 250 gr ', 0, 'COSTILLAS', 10000, 10000, 'PAPAS AL VAPOR Y ENSALADA.', '0', '2019-08-16', 'A'),
(15, 'COSTILLAS AL ROMERO LIMON 500 gr. ', 0, 'COSTILLAS', 15000, 15000, 'PAPAS AL VAPOR Y ENSALADA.', '0', '2019-08-16', 'A'),
(16, 'JUGOS NATURALES', 1500, 'BEBIDAS', 3000, 1500, 'COROZO O LIMONADA', '0', '2019-08-16', 'A'),
(17, 'GASEOSA 350 ML', 1200, 'BEBIDAS', 2000, 800, '.', '0', '2019-08-16', 'A'),
(18, 'GASEOSA 250 ML', 0, 'BEBIDAS', 1200, 1200, '.', '0', '2019-08-16', 'A'),
(19, 'BOTELLA DE AGUA ', 1200, 'BEBIDAS', 2500, 1300, '.', '0', '2019-08-16', 'A'),
(20, 'CERVEZA NACIONAL', 1800, 'BEBIDAS', 3000, 1200, '.', '0', '2019-08-16', 'A'),
(21, 'GASEOSA 1 1/4 COCACOLA', 3000, 'BEBIDAS', 3500, 500, '.', '0', '2019-08-16', 'A'),
(22, 'CEBOLLA', 0, 'ADICIONALES', 1000, 1000, '.', '0', '2019-08-16', 'A'),
(23, 'MAIZ TIERNO', 0, 'ADICIONALES', 1000, 1000, '.', '0', '2019-08-16', 'A'),
(24, 'PIMENTON ', 0, 'ADICIONALES', 1000, 1000, '.', '0', '2019-08-16', 'A'),
(25, 'PIÑA', 0, 'ADICIONALES', 1200, 1200, '.', '0', '2019-08-16', 'A'),
(26, 'BERENGENA ', 0, 'ADICIONALES', 1500, 1500, '.', '0', '2019-08-16', 'A'),
(27, 'JAMON', 0, 'ADICIONALES', 2000, 2000, '.', '0', '2019-08-16', 'A'),
(28, 'CHAMPIÑONES', 0, 'ADICIONALES', 2000, 2000, '.', '0', '2019-08-16', 'A'),
(29, 'POLLO', 0, 'ADICIONALES', 2000, 2000, '.', '0', '2019-08-16', 'A'),
(30, 'SALAMI', 0, 'ADICIONALES', 2500, 2500, '.', '0', '2019-08-16', 'A'),
(31, 'QUESO MOZARELLA', 0, 'ADICIONALES', 2500, 2500, '.', '0', '2019-08-16', 'A'),
(32, 'CHORIZO', 0, 'ADICIONALES', 2500, 2500, '.', '0', '2019-08-16', 'A'),
(33, 'LOMITO', 0, 'ADICIONALES', 2500, 2500, '.', '0', '2019-08-16', 'A'),
(34, 'PORCION DE ENSALADA', 0, 'ADICIONALES', 2500, 2500, 'LECHUGA, TOMATE, CEBOLLA', '0', '2019-08-19', 'A'),
(35, 'GASEOSA 1 1/4 POSTOBON', 2300, 'BEBIDAS', 3500, 1200, 'EL COSTO ES DIFERENTE A LA COCACOLA', '0', '2019-08-30', 'A'),
(36, 'PICADA DE CHORIZO', 2000, 'COSTILLAS', 5000, 3000, 'CHORIZO, YUCA Y ENSALADA', '0', '2019-09-07', 'A');

-- --------------------------------------------------------

--
-- Estructura de tabla para la tabla `registrarproductos`
--

CREATE TABLE `registrarproductos` (
  `codproductos` int(11) NOT NULL,
  `descripcion` varchar(60) NOT NULL,
  `marca` varchar(60) NOT NULL,
  `clase` varchar(20) NOT NULL,
  `stockmin` int(11) NOT NULL,
  `stockmax` int(11) NOT NULL,
  `medida` varchar(20) NOT NULL,
  `observacionproducto` text,
  `url` longtext,
  `cantidad` int(11) DEFAULT NULL
) ENGINE=InnoDB DEFAULT CHARSET=latin1;

--
-- Volcado de datos para la tabla `registrarproductos`
--

INSERT INTO `registrarproductos` (`codproductos`, `descripcion`, `marca`, `clase`, `stockmin`, `stockmax`, `medida`, `observacionproducto`, `url`, `cantidad`) VALUES
(1, 'papa', 'la bacana', 'ESENCIALES PARA VENT', 1, 1, 'Lb', 'k', '0', 0);

-- --------------------------------------------------------

--
-- Estructura de tabla para la tabla `registrarproveedor`
--

CREATE TABLE `registrarproveedor` (
  `idproveedor` varchar(20) NOT NULL,
  `nombreCompleto` varchar(60) NOT NULL,
  `nombreContacto` varchar(60) NOT NULL,
  `telefono` varchar(15) NOT NULL,
  `celular` varchar(15) NOT NULL,
  `direccion` varchar(60) NOT NULL,
  `ciudad` varchar(60) NOT NULL,
  `barrio` varchar(60) NOT NULL,
  `email` varchar(60) NOT NULL,
  `detalles` text,
  `fecha` date NOT NULL
) ENGINE=InnoDB DEFAULT CHARSET=latin1;

--
-- Volcado de datos para la tabla `registrarproveedor`
--

INSERT INTO `registrarproveedor` (`idproveedor`, `nombreCompleto`, `nombreContacto`, `telefono`, `celular`, `direccion`, `ciudad`, `barrio`, `email`, `detalles`, `fecha`) VALUES
('1', 'a', 'a', '4', '74', 'a', 'a', 'a', 'a', 'a\r\n', '2020-04-02');

-- --------------------------------------------------------

--
-- Estructura de tabla para la tabla `subpedido`
--

CREATE TABLE `subpedido` (
  `idsubpedido` int(11) NOT NULL,
  `totalpedido` int(11) NOT NULL,
  `fechapedido` date NOT NULL,
  `horapedido` time NOT NULL,
  `observaciones` text,
  `idcc` varchar(20) NOT NULL,
  `mesa` int(11) NOT NULL,
  `costo` varchar(20) NOT NULL
) ENGINE=InnoDB DEFAULT CHARSET=latin1;

--
-- Volcado de datos para la tabla `subpedido`
--

INSERT INTO `subpedido` (`idsubpedido`, `totalpedido`, `fechapedido`, `horapedido`, `observaciones`, `idcc`, `mesa`, `costo`) VALUES
(1, 0, '2020-04-02', '06:47:00', NULL, '1', 4, '0');

-- --------------------------------------------------------

--
-- Estructura de tabla para la tabla `usuario`
--

CREATE TABLE `usuario` (
  `idusuario` varchar(20) NOT NULL,
  `nombres` varchar(45) NOT NULL,
  `apellidos` varchar(45) NOT NULL,
  `usuario` varchar(60) NOT NULL,
  `clave` longtext NOT NULL,
  `fecha` date NOT NULL,
  `grado` varchar(15) NOT NULL
) ENGINE=InnoDB DEFAULT CHARSET=latin1;

--
-- Volcado de datos para la tabla `usuario`
--

INSERT INTO `usuario` (`idusuario`, `nombres`, `apellidos`, `usuario`, `clave`, `fecha`, `grado`) VALUES
('1065011491', 'ALVARO ENRIQUE', 'BELEÑO CONTRERAS', 'ALVARO', '1997', '2019-08-11', 'ADMINISTRADOR'),
('1067948792', 'HILDA ROSA', 'BELEÑO CONTRERAS', 'HILDA', '1234', '2019-08-16', 'OPERARIO'),
('36562510', 'AURACELY', 'CONTRERAS   DURAN', 'ARACELIS', '0613', '2019-08-11', 'ADMINISTRADOR'),
('8515281', 'cristian andres', 'contreras', 'cristos', '1', '2019-07-19', 'OPERARIO');

--
-- Índices para tablas volcadas
--

--
-- Indices de la tabla `cajamenor`
--
ALTER TABLE `cajamenor`
  ADD PRIMARY KEY (`idcaja`);

--
-- Indices de la tabla `detallecajamenor`
--
ALTER TABLE `detallecajamenor`
  ADD PRIMARY KEY (`iddetallecaja`),
  ADD KEY `idcaja` (`idcaja`);

--
-- Indices de la tabla `detallefactura`
--
ALTER TABLE `detallefactura`
  ADD KEY `idfactura` (`idfactura`),
  ADD KEY `codplato` (`codplato`);

--
-- Indices de la tabla `detallescompras`
--
ALTER TABLE `detallescompras`
  ADD KEY `codproductos` (`codproductos`),
  ADD KEY `codcompras` (`codcompras`);

--
-- Indices de la tabla `detallesubpedido`
--
ALTER TABLE `detallesubpedido`
  ADD KEY `idsubpedido` (`idsubpedido`),
  ADD KEY `codplato` (`codplato`),
  ADD KEY `idfactura` (`idfactura`);

--
-- Indices de la tabla `factura`
--
ALTER TABLE `factura`
  ADD PRIMARY KEY (`idfactura`),
  ADD KEY `idcc` (`idcc`);

--
-- Indices de la tabla `inabilitarplatos`
--
ALTER TABLE `inabilitarplatos`
  ADD PRIMARY KEY (`idinabilitarplatos`),
  ADD KEY `codplato` (`codplato`);

--
-- Indices de la tabla `ingredientes`
--
ALTER TABLE `ingredientes`
  ADD KEY `codproductos` (`codproductos`),
  ADD KEY `codreceta` (`codreceta`);

--
-- Indices de la tabla `receta`
--
ALTER TABLE `receta`
  ADD PRIMARY KEY (`codreceta`),
  ADD KEY `codplato` (`codplato`);

--
-- Indices de la tabla `registrarcliente`
--
ALTER TABLE `registrarcliente`
  ADD PRIMARY KEY (`idcc`);

--
-- Indices de la tabla `registrarcompras`
--
ALTER TABLE `registrarcompras`
  ADD PRIMARY KEY (`codcompras`),
  ADD KEY `idproveedor` (`idproveedor`);

--
-- Indices de la tabla `registrarplatos`
--
ALTER TABLE `registrarplatos`
  ADD PRIMARY KEY (`codplato`);

--
-- Indices de la tabla `registrarproductos`
--
ALTER TABLE `registrarproductos`
  ADD PRIMARY KEY (`codproductos`);

--
-- Indices de la tabla `registrarproveedor`
--
ALTER TABLE `registrarproveedor`
  ADD PRIMARY KEY (`idproveedor`);

--
-- Indices de la tabla `subpedido`
--
ALTER TABLE `subpedido`
  ADD PRIMARY KEY (`idsubpedido`),
  ADD KEY `idcc` (`idcc`);

--
-- Indices de la tabla `usuario`
--
ALTER TABLE `usuario`
  ADD PRIMARY KEY (`idusuario`);

--
-- AUTO_INCREMENT de las tablas volcadas
--

--
-- AUTO_INCREMENT de la tabla `cajamenor`
--
ALTER TABLE `cajamenor`
  MODIFY `idcaja` int(11) NOT NULL AUTO_INCREMENT, AUTO_INCREMENT=30;

--
-- AUTO_INCREMENT de la tabla `detallecajamenor`
--
ALTER TABLE `detallecajamenor`
  MODIFY `iddetallecaja` int(11) NOT NULL AUTO_INCREMENT, AUTO_INCREMENT=24;

--
-- AUTO_INCREMENT de la tabla `factura`
--
ALTER TABLE `factura`
  MODIFY `idfactura` int(11) NOT NULL AUTO_INCREMENT, AUTO_INCREMENT=481;

--
-- AUTO_INCREMENT de la tabla `inabilitarplatos`
--
ALTER TABLE `inabilitarplatos`
  MODIFY `idinabilitarplatos` int(11) NOT NULL AUTO_INCREMENT;

--
-- AUTO_INCREMENT de la tabla `registrarcompras`
--
ALTER TABLE `registrarcompras`
  MODIFY `codcompras` int(11) NOT NULL AUTO_INCREMENT;

--
-- AUTO_INCREMENT de la tabla `registrarplatos`
--
ALTER TABLE `registrarplatos`
  MODIFY `codplato` int(11) NOT NULL AUTO_INCREMENT, AUTO_INCREMENT=37;

--
-- AUTO_INCREMENT de la tabla `registrarproductos`
--
ALTER TABLE `registrarproductos`
  MODIFY `codproductos` int(11) NOT NULL AUTO_INCREMENT, AUTO_INCREMENT=2;

--
-- Restricciones para tablas volcadas
--

--
-- Filtros para la tabla `subpedido`
--
ALTER TABLE `subpedido`
  ADD CONSTRAINT `subpedido_ibfk_1` FOREIGN KEY (`idcc`) REFERENCES `registrarcliente` (`idcc`);
COMMIT;

/*!40101 SET CHARACTER_SET_CLIENT=@OLD_CHARACTER_SET_CLIENT */;
/*!40101 SET CHARACTER_SET_RESULTS=@OLD_CHARACTER_SET_RESULTS */;
/*!40101 SET COLLATION_CONNECTION=@OLD_COLLATION_CONNECTION */;
